-0.008392,-0.009542,-0.009748,-0.009972,-0.010670,-0.008963,-0.004858,-0.004892,-0.002287,-0.003708,-0.002903,-0.001702,-0.002381,-0.004701,-0.002938,-0.005318,-0.004227,-0.005331,-0.005986,-0.006665,-0.006232,-0.009410,-0.008700,-0.010399,-0.013004,-0.016519,-0.018014,-0.020556,-0.018415,-0.020117,-0.020381,-0.020880,-0.019832,-0.019378,-0.023046,-0.025213,-0.022445,-0.020919,-0.017197,-0.016010,-0.017265,-0.011775,-0.013519,-0.014640,-0.015544,-0.016006,-0.014656,-0.013268,-0.018155,-0.019552,-0.022856,-0.025923,-0.032834,-0.039110,-0.045105,-0.044939,-0.047997,-0.051836,-0.056754,-0.059615,-0.060641,-0.061871,-0.062038,-0.060971,-0.064613,-0.066368,-0.069139,-0.073748,-0.077937,-0.084283,-0.090506,-0.090753,-0.090098,-0.090092,-0.089202,-0.089439,-0.092245,-0.091303,-0.091895,-0.092246,-0.091557,-0.090987,-0.087960,-0.085492,-0.083124,-0.079316,-0.074667,-0.072202,-0.072226,-0.071729,-0.068732,-0.066204,-0.063440,-0.063042,-0.060532,-0.056635
-0.008492,-0.009609,-0.009173,-0.007717,-0.008786,-0.008847,-0.004968,-0.004098,-0.001413,-0.002277,-0.003368,-0.001863,-0.002293,-0.005820,-0.005127,-0.007841,-0.006424,-0.006341,-0.006292,-0.005256,-0.003535,-0.006779,-0.007090,-0.009686,-0.012854,-0.016150,-0.018706,-0.022129,-0.020543,-0.021534,-0.021218,-0.022120,-0.021946,-0.022521,-0.024991,-0.026158,-0.023597,-0.022730,-0.019611,-0.019003,-0.019641,-0.015190,-0.015673,-0.016207,-0.017237,-0.018043,-0.016788,-0.014533,-0.019437,-0.021830,-0.026679,-0.029446,-0.035988,-0.040959,-0.047072,-0.046762,-0.050647,-0.055343,-0.060296,-0.062212,-0.064954,-0.066848,-0.067753,-0.067924,-0.069937,-0.072117,-0.075626,-0.079368,-0.084602,-0.091901,-0.096641,-0.097838,-0.097541,-0.097287,-0.096326,-0.095935,-0.098478,-0.097627,-0.097619,-0.097773,-0.099083,-0.100406,-0.096752,-0.093319,-0.091601,-0.088162,-0.083488,-0.078801,-0.076746,-0.076704,-0.073088,-0.070913,-0.068043,-0.067351,-0.064605,-0.060439
-0.008449,-0.009919,-0.008858,-0.008150,-0.008703,-0.009221,-0.006334,-0.003950,-0.001323,-0.002764,-0.002794,-0.001734,-0.004769,-0.007926,-0.009216,-0.010313,-0.008028,-0.007698,-0.007549,-0.005311,-0.003915,-0.006965,-0.008350,-0.011610,-0.015632,-0.019645,-0.020931,-0.023621,-0.021077,-0.022098,-0.022781,-0.024386,-0.024609,-0.026989,-0.028115,-0.029914,-0.027930,-0.026281,-0.023248,-0.020579,-0.020080,-0.016598,-0.016333,-0.016997,-0.018442,-0.017723,-0.017685,-0.015059,-0.019442,-0.023748,-0.026545,-0.030408,-0.036457,-0.042520,-0.048889,-0.049245,-0.052647,-0.059239,-0.063112,-0.067174,-0.069688,-0.069926,-0.071319,-0.071708,-0.072838,-0.075118,-0.078846,-0.082616,-0.090283,-0.096595,-0.100934,-0.102485,-0.103417,-0.101591,-0.100400,-0.100339,-0.102933,-0.100676,-0.100600,-0.100901,-0.102725,-0.102218,-0.097348,-0.094288,-0.093212,-0.090328,-0.084655,-0.080120,-0.079553,-0.079798,-0.077117,-0.075603,-0.072656,-0.071857,-0.068090,-0.063889
-0.009150,-0.009240,-0.008499,-0.006984,-0.007203,-0.008327,-0.005024,-0.002800,-0.002158,-0.002361,-0.003383,-0.002724,-0.003868,-0.006575,-0.008924,-0.009186,-0.009868,-0.009275,-0.009281,-0.008824,-0.008091,-0.009236,-0.010674,-0.013064,-0.018271,-0.021335,-0.022255,-0.025387,-0.023663,-0.024711,-0.025117,-0.026475,-0.027776,-0.030991,-0.030506,-0.033307,-0.031633,-0.028904,-0.024507,-0.022823,-0.021298,-0.019153,-0.017893,-0.018744,-0.020640,-0.020896,-0.019452,-0.016811,-0.022331,-0.027254,-0.029360,-0.034083,-0.040483,-0.044738,-0.050485,-0.049769,-0.052699,-0.060199,-0.063293,-0.066235,-0.071038,-0.072511,-0.074507,-0.075484,-0.075826,-0.079101,-0.083917,-0.087213,-0.094148,-0.100247,-0.105148,-0.108438,-0.111397,-0.108836,-0.109660,-0.109358,-0.111986,-0.109755,-0.108249,-0.108008,-0.109168,-0.107545,-0.105108,-0.100879,-0.098980,-0.096178,-0.089287,-0.085398,-0.084519,-0.082718,-0.081556,-0.079670,-0.077121,-0.076063,-0.072415,-0.067923
-0.010686,-0.011454,-0.010367,-0.007439,-0.006942,-0.007927,-0.005153,-0.001237,-0.000651,-0.001054,-0.002544,-0.002315,-0.003665,-0.005562,-0.007761,-0.007710,-0.008906,-0.008448,-0.009943,-0.009153,-0.009272,-0.010416,-0.013412,-0.015388,-0.021685,-0.024765,-0.026817,-0.030589,-0.029914,-0.030920,-0.032102,-0.032811,-0.033663,-0.035161,-0.033871,-0.035847,-0.033135,-0.030206,-0.025916,-0.023998,-0.024183,-0.022316,-0.021750,-0.023383,-0.025023,-0.026992,-0.026612,-0.024453,-0.031189,-0.034035,-0.035774,-0.040129,-0.044782,-0.047593,-0.052766,-0.051995,-0.055545,-0.062349,-0.066467,-0.069265,-0.073429,-0.073483,-0.075450,-0.076357,-0.077821,-0.079240,-0.084312,-0.087608,-0.096790,-0.103210,-0.108819,-0.111132,-0.115578,-0.113524,-0.115717,-0.114810,-0.116533,-0.115847,-0.114936,-0.113817,-0.114908,-0.113412,-0.110133,-0.105053,-0.101326,-0.098362,-0.092519,-0.088951,-0.085802,-0.083102,-0.082364,-0.081253,-0.079247,-0.077519,-0.073077,-0.069566
-0.009398,-0.008803,-0.007850,-0.004992,-0.003956,-0.007028,-0.004761,-0.000731,-0.002267,-0.002592,-0.005256,-0.005331,-0.003643,-0.004563,-0.006967,-0.006732,-0.008857,-0.007764,-0.009708,-0.010999,-0.011958,-0.013931,-0.016480,-0.017077,-0.023592,-0.027639,-0.030456,-0.034981,-0.035054,-0.036423,-0.038135,-0.038121,-0.037732,-0.038763,-0.036698,-0.037592,-0.035978,-0.033472,-0.030824,-0.028308,-0.026865,-0.026795,-0.025523,-0.026996,-0.027797,-0.027849,-0.029207,-0.030158,-0.036138,-0.039364,-0.041337,-0.045174,-0.050564,-0.052743,-0.055630,-0.054839,-0.058235,-0.064879,-0.068987,-0.072015,-0.076776,-0.077810,-0.080944,-0.082515,-0.084126,-0.088741,-0.093742,-0.097305,-0.106393,-0.110589,-0.116568,-0.117736,-0.119924,-0.117393,-0.119007,-0.116555,-0.117567,-0.117713,-0.116539,-0.116360,-0.118147,-0.116301,-0.114898,-0.111977,-0.106733,-0.104851,-0.098313,-0.095642,-0.092143,-0.087895,-0.085601,-0.084480,-0.081638,-0.079796,-0.073543,-0.070375
-0.008385,-0.007888,-0.007635,-0.004956,-0.003196,-0.007580,-0.004393,-0.001979,-0.002838,-0.003167,-0.005513,-0.005342,-0.003518,-0.005966,-0.007729,-0.007236,-0.008741,-0.006849,-0.009989,-0.010612,-0.011610,-0.013555,-0.016450,-0.016144,-0.023374,-0.026334,-0.028835,-0.032603,-0.034321,-0.037442,-0.040582,-0.039918,-0.039997,-0.040600,-0.040270,-0.040804,-0.038963,-0.037009,-0.036817,-0.035126,-0.033813,-0.033098,-0.031278,-0.033048,-0.034341,-0.033357,-0.034408,-0.036529,-0.041396,-0.044386,-0.045168,-0.047818,-0.051398,-0.054341,-0.056419,-0.055444,-0.059078,-0.065815,-0.070186,-0.074076,-0.077682,-0.080111,-0.086326,-0.088606,-0.089827,-0.094438,-0.098910,-0.102261,-0.110840,-0.113511,-0.118988,-0.119901,-0.122212,-0.121342,-0.123897,-0.121885,-0.122983,-0.123476,-0.123500,-0.123236,-0.125380,-0.123132,-0.121977,-0.117925,-0.113566,-0.111773,-0.105065,-0.101011,-0.096362,-0.092587,-0.090711,-0.088474,-0.085661,-0.084102,-0.077607,-0.075338
-0.006174,-0.006139,-0.005446,-0.004345,-0.002785,-0.007411,-0.007006,-0.005079,-0.005946,-0.007204,-0.006801,-0.006080,-0.005311,-0.005612,-0.008040,-0.007918,-0.009262,-0.008494,-0.012238,-0.012254,-0.013878,-0.015801,-0.019911,-0.020385,-0.026793,-0.030097,-0.032959,-0.037601,-0.039120,-0.041072,-0.043928,-0.044841,-0.044229,-0.044372,-0.044021,-0.043734,-0.042478,-0.039961,-0.039884,-0.037897,-0.036588,-0.035359,-0.033203,-0.034191,-0.035586,-0.033736,-0.035105,-0.037276,-0.040503,-0.044230,-0.045223,-0.049169,-0.053217,-0.057393,-0.059776,-0.059894,-0.063873,-0.070526,-0.074624,-0.077466,-0.079986,-0.082372,-0.088525,-0.090977,-0.093302,-0.097329,-0.103572,-0.106536,-0.114178,-0.117469,-0.122335,-0.122920,-0.125953,-0.124562,-0.126842,-0.126064,-0.127246,-0.127493,-0.126638,-0.125432,-0.127730,-0.125743,-0.124927,-0.121016,-0.117629,-0.115934,-0.110508,-0.106530,-0.102595,-0.098709,-0.094925,-0.091954,-0.089687,-0.087198,-0.079831,-0.076707
-0.004652,-0.004587,-0.004772,-0.004139,-0.001905,-0.005646,-0.005933,-0.003874,-0.005527,-0.006428,-0.006257,-0.006576,-0.005952,-0.005709,-0.007340,-0.007071,-0.009954,-0.009153,-0.013743,-0.014806,-0.018116,-0.020625,-0.024436,-0.023456,-0.029330,-0.033385,-0.036512,-0.041699,-0.044286,-0.046821,-0.051474,-0.053655,-0.052054,-0.052615,-0.051562,-0.051532,-0.050501,-0.047355,-0.046212,-0.043647,-0.040369,-0.038373,-0.036298,-0.037902,-0.039053,-0.036664,-0.038233,-0.042196,-0.045942,-0.047563,-0.047339,-0.050479,-0.053737,-0.059117,-0.060753,-0.061478,-0.066657,-0.074037,-0.078149,-0.082734,-0.083850,-0.086263,-0.091303,-0.092940,-0.094180,-0.097779,-0.104076,-0.107935,-0.114826,-0.117594,-0.122601,-0.124286,-0.128592,-0.128627,-0.130729,-0.130730,-0.132306,-0.133143,-0.132419,-0.130549,-0.130330,-0.126886,-0.127205,-0.124487,-0.121062,-0.119282,-0.115141,-0.112474,-0.109609,-0.105086,-0.099890,-0.095991,-0.093126,-0.089434,-0.081391,-0.077355
-0.003659,-0.003637,-0.004416,-0.004158,-0.004789,-0.008326,-0.008620,-0.006738,-0.008906,-0.009249,-0.009110,-0.008221,-0.005811,-0.006556,-0.006935,-0.007010,-0.011901,-0.011449,-0.015497,-0.017401,-0.019608,-0.022506,-0.026406,-0.024711,-0.029478,-0.034373,-0.039443,-0.046496,-0.051704,-0.054095,-0.058472,-0.061748,-0.059457,-0.058864,-0.057124,-0.054897,-0.054165,-0.050280,-0.049036,-0.047327,-0.044333,-0.041868,-0.040368,-0.040438,-0.041186,-0.038119,-0.038406,-0.042706,-0.046943,-0.046379,-0.047387,-0.050541,-0.054879,-0.061631,-0.061825,-0.061538,-0.068218,-0.075493,-0.080627,-0.084231,-0.084700,-0.088844,-0.094652,-0.096490,-0.097889,-0.100578,-0.105803,-0.109637,-0.114922,-0.117784,-0.122655,-0.122991,-0.127266,-0.128882,-0.129718,-0.130134,-0.130933,-0.134137,-0.134825,-0.132700,-0.133029,-0.132204,-0.133980,-0.132192,-0.127578,-0.125887,-0.123139,-0.120068,-0.115368,-0.109835,-0.104084,-0.098829,-0.095295,-0.090439,-0.082410,-0.078022
-0.003550,-0.004455,-0.004559,-0.005450,-0.005303,-0.007617,-0.009209,-0.006419,-0.007103,-0.008166,-0.008336,-0.007616,-0.006129,-0.006655,-0.007163,-0.007696,-0.009464,-0.009066,-0.014280,-0.016286,-0.019435,-0.022199,-0.025892,-0.027274,-0.031440,-0.036730,-0.042309,-0.048466,-0.055998,-0.060316,-0.064071,-0.067381,-0.065119,-0.064289,-0.063190,-0.059509,-0.058256,-0.054608,-0.053832,-0.050760,-0.047553,-0.045092,-0.043382,-0.043652,-0.045680,-0.041967,-0.042823,-0.046964,-0.050104,-0.049441,-0.050367,-0.051351,-0.055952,-0.063248,-0.063812,-0.063831,-0.069860,-0.076825,-0.084087,-0.089086,-0.089033,-0.092901,-0.098987,-0.101292,-0.102613,-0.103438,-0.106011,-0.110312,-0.115639,-0.117441,-0.121498,-0.120800,-0.123905,-0.128030,-0.128932,-0.130262,-0.132146,-0.134709,-0.137112,-0.136401,-0.135466,-0.134110,-0.135005,-0.133110,-0.131376,-0.129488,-0.126793,-0.124509,-0.120177,-0.114409,-0.107883,-0.102119,-0.097116,-0.092204,-0.084233,-0.079019
-0.003382,-0.004423,-0.004013,-0.004966,-0.005407,-0.007001,-0.008935,-0.007346,-0.008842,-0.010848,-0.010027,-0.009251,-0.007281,-0.008459,-0.010900,-0.011336,-0.012142,-0.012518,-0.016817,-0.020218,-0.023649,-0.025654,-0.029573,-0.030891,-0.034394,-0.038607,-0.043667,-0.049276,-0.055059,-0.058848,-0.063389,-0.067007,-0.067207,-0.068113,-0.067811,-0.065853,-0.065578,-0.061778,-0.061221,-0.056312,-0.051634,-0.048736,-0.045699,-0.045021,-0.046802,-0.042259,-0.043166,-0.047407,-0.049861,-0.050846,-0.052035,-0.054294,-0.060319,-0.068647,-0.068871,-0.068898,-0.075066,-0.081710,-0.086701,-0.090373,-0.091330,-0.095500,-0.102172,-0.104551,-0.104742,-0.107503,-0.112233,-0.115312,-0.119344,-0.121462,-0.124591,-0.125277,-0.127693,-0.129822,-0.130057,-0.131753,-0.133115,-0.135588,-0.136769,-0.137027,-0.136716,-0.136217,-0.136602,-0.135351,-0.134406,-0.134127,-0.130503,-0.127078,-0.124155,-0.119606,-0.112184,-0.105104,-0.099742,-0.095403,-0.088893,-0.081800
-0.004695,-0.005877,-0.004406,-0.006654,-0.007367,-0.008577,-0.011521,-0.010552,-0.010607,-0.013033,-0.010372,-0.009286,-0.009183,-0.010053,-0.012564,-0.013503,-0.013769,-0.013704,-0.019282,-0.021415,-0.024328,-0.026059,-0.030357,-0.033777,-0.038867,-0.041696,-0.046946,-0.053592,-0.058338,-0.062489,-0.065831,-0.069525,-0.070865,-0.071054,-0.069696,-0.068091,-0.066900,-0.063791,-0.062594,-0.057185,-0.051944,-0.048394,-0.045648,-0.044720,-0.046149,-0.042065,-0.043496,-0.047422,-0.050044,-0.051681,-0.052624,-0.056035,-0.061780,-0.069544,-0.070309,-0.070636,-0.075662,-0.082526,-0.086067,-0.089723,-0.090083,-0.094792,-0.101912,-0.104574,-0.104020,-0.107047,-0.111753,-0.114945,-0.119493,-0.121370,-0.124878,-0.127405,-0.129993,-0.132765,-0.134323,-0.135639,-0.137188,-0.139274,-0.141225,-0.141484,-0.142570,-0.142079,-0.142113,-0.140192,-0.139103,-0.138096,-0.135568,-0.130127,-0.126460,-0.120892,-0.115317,-0.109366,-0.103093,-0.097252,-0.091203,-0.083629
-0.006734,-0.007247,-0.004267,-0.005540,-0.006485,-0.006401,-0.009307,-0.006737,-0.006978,-0.010341,-0.009413,-0.007891,-0.009017,-0.010143,-0.014388,-0.015708,-0.016646,-0.016704,-0.021475,-0.024587,-0.026292,-0.027711,-0.032714,-0.036908,-0.040240,-0.044943,-0.050925,-0.058209,-0.061968,-0.064307,-0.066498,-0.072034,-0.072657,-0.071926,-0.069315,-0.067313,-0.067844,-0.064473,-0.061511,-0.057530,-0.051324,-0.048262,-0.046094,-0.043846,-0.045770,-0.041730,-0.042534,-0.047177,-0.050102,-0.052045,-0.053912,-0.057574,-0.065673,-0.071970,-0.072759,-0.074741,-0.079342,-0.086096,-0.088781,-0.092080,-0.093674,-0.098337,-0.103550,-0.105728,-0.105629,-0.109392,-0.112618,-0.115413,-0.119593,-0.122798,-0.127652,-0.129300,-0.131583,-0.134372,-0.135655,-0.137195,-0.138421,-0.139515,-0.141875,-0.141429,-0.141498,-0.140466,-0.140268,-0.137881,-0.137473,-0.136446,-0.134923,-0.131198,-0.128864,-0.123248,-0.118077,-0.112406,-0.105845,-0.099513,-0.093314,-0.085736
-0.007067,-0.008470,-0.007218,-0.006185,-0.006450,-0.005114,-0.007507,-0.004368,-0.004116,-0.006882,-0.008282,-0.007312,-0.009889,-0.010818,-0.015612,-0.016132,-0.017170,-0.016055,-0.020266,-0.022874,-0.024963,-0.025734,-0.030489,-0.035551,-0.040227,-0.043819,-0.048290,-0.055414,-0.059881,-0.062860,-0.064472,-0.069684,-0.073177,-0.074025,-0.069727,-0.067100,-0.067382,-0.063741,-0.060568,-0.056245,-0.050452,-0.048197,-0.046855,-0.045002,-0.047468,-0.043499,-0.043136,-0.046927,-0.050168,-0.051295,-0.053444,-0.056434,-0.064012,-0.069059,-0.070901,-0.073404,-0.077583,-0.083253,-0.086233,-0.090490,-0.094119,-0.099476,-0.105333,-0.108568,-0.110028,-0.114296,-0.116351,-0.119704,-0.123310,-0.127295,-0.131849,-0.132337,-0.133895,-0.138333,-0.139543,-0.139113,-0.139416,-0.140761,-0.142789,-0.142946,-0.140498,-0.139565,-0.141283,-0.138479,-0.138180,-0.138130,-0.136992,-0.134816,-0.131033,-0.124837,-0.120157,-0.112755,-0.106638,-0.100245,-0.093910,-0.087031
-0.010250,-0.012759,-0.012072,-0.011002,-0.009087,-0.009025,-0.012429,-0.009791,-0.007131,-0.009433,-0.009310,-0.008665,-0.012045,-0.010248,-0.015094,-0.016532,-0.015048,-0.015512,-0.018554,-0.018664,-0.021236,-0.021593,-0.026462,-0.032404,-0.037528,-0.042293,-0.047614,-0.054361,-0.058654,-0.061185,-0.062674,-0.067498,-0.070535,-0.069907,-0.066580,-0.063356,-0.063477,-0.060661,-0.057034,-0.052632,-0.048673,-0.046101,-0.046841,-0.044757,-0.047601,-0.043457,-0.044158,-0.048364,-0.051327,-0.053699,-0.056805,-0.059376,-0.068198,-0.072202,-0.073619,-0.076545,-0.079156,-0.083505,-0.086025,-0.089114,-0.092948,-0.099615,-0.106051,-0.109210,-0.112258,-0.117213,-0.119192,-0.123142,-0.125936,-0.128993,-0.133794,-0.133024,-0.133984,-0.138068,-0.139642,-0.139856,-0.140101,-0.140801,-0.144235,-0.145050,-0.143399,-0.143157,-0.143948,-0.140851,-0.141151,-0.140177,-0.139105,-0.137367,-0.132052,-0.125221,-0.121660,-0.114736,-0.109297,-0.104207,-0.096509,-0.091065
-0.012154,-0.014644,-0.012787,-0.012095,-0.008756,-0.008261,-0.011732,-0.006679,-0.003793,-0.005985,-0.005715,-0.006349,-0.010294,-0.007097,-0.013548,-0.014578,-0.012610,-0.013749,-0.016161,-0.016341,-0.019904,-0.020447,-0.025691,-0.031506,-0.035578,-0.041117,-0.046276,-0.052470,-0.055191,-0.057548,-0.059712,-0.064828,-0.067340,-0.067266,-0.064701,-0.063629,-0.063444,-0.061928,-0.057736,-0.053870,-0.049876,-0.046906,-0.046927,-0.046468,-0.048112,-0.045292,-0.046787,-0.051138,-0.054874,-0.058175,-0.061166,-0.064495,-0.071123,-0.073408,-0.075681,-0.078719,-0.081000,-0.084576,-0.086005,-0.090329,-0.095160,-0.100210,-0.106735,-0.109181,-0.112468,-0.118155,-0.120895,-0.124393,-0.127467,-0.130425,-0.134974,-0.134990,-0.135722,-0.139088,-0.141432,-0.141419,-0.141693,-0.141639,-0.144343,-0.145772,-0.143916,-0.142323,-0.143309,-0.140907,-0.141976,-0.141269,-0.139135,-0.137830,-0.133164,-0.126191,-0.121757,-0.116322,-0.110186,-0.105267,-0.097594,-0.092400
-0.014212,-0.017343,-0.013937,-0.011582,-0.008096,-0.009039,-0.011859,-0.007999,-0.005238,-0.008339,-0.007977,-0.007943,-0.010663,-0.008045,-0.013805,-0.014285,-0.013739,-0.015480,-0.018506,-0.019406,-0.021282,-0.022280,-0.028549,-0.033102,-0.036778,-0.040048,-0.043350,-0.050438,-0.052381,-0.052876,-0.054758,-0.059704,-0.063249,-0.063724,-0.061051,-0.060169,-0.060639,-0.059983,-0.056565,-0.053322,-0.050068,-0.046948,-0.047020,-0.046536,-0.046081,-0.043185,-0.044650,-0.049286,-0.053169,-0.057459,-0.060080,-0.066283,-0.072914,-0.074872,-0.076121,-0.078962,-0.081251,-0.084851,-0.083907,-0.088667,-0.094065,-0.100335,-0.107892,-0.109725,-0.113179,-0.120600,-0.123889,-0.126706,-0.129065,-0.131605,-0.136754,-0.137243,-0.138697,-0.140301,-0.143567,-0.142702,-0.141607,-0.142447,-0.144934,-0.144687,-0.144575,-0.142522,-0.143353,-0.142769,-0.142243,-0.140702,-0.139139,-0.135996,-0.131671,-0.125461,-0.120228,-0.115680,-0.111061,-0.106922,-0.100182,-0.095449
-0.013690,-0.016395,-0.012567,-0.009858,-0.006829,-0.007844,-0.011058,-0.007180,-0.004469,-0.007850,-0.007657,-0.006833,-0.010799,-0.008527,-0.011764,-0.012291,-0.011264,-0.011709,-0.014756,-0.014471,-0.015536,-0.017649,-0.023694,-0.030034,-0.034257,-0.037482,-0.041001,-0.047116,-0.050902,-0.051204,-0.051862,-0.055745,-0.058593,-0.057943,-0.055835,-0.054095,-0.054711,-0.054005,-0.051718,-0.049818,-0.046978,-0.044816,-0.045704,-0.046270,-0.044903,-0.042614,-0.045918,-0.051454,-0.055185,-0.058237,-0.059407,-0.065508,-0.071337,-0.071029,-0.071980,-0.074685,-0.075920,-0.080429,-0.081595,-0.086148,-0.091257,-0.098192,-0.106512,-0.109221,-0.112835,-0.119413,-0.121457,-0.125625,-0.126525,-0.127846,-0.132854,-0.134912,-0.137323,-0.140478,-0.143311,-0.144946,-0.144457,-0.145396,-0.146166,-0.144857,-0.144891,-0.142285,-0.142669,-0.141021,-0.141231,-0.138607,-0.137309,-0.134122,-0.129777,-0.122258,-0.117948,-0.113861,-0.111341,-0.106435,-0.099478,-0.094699
-0.013970,-0.016657,-0.015028,-0.011100,-0.008666,-0.010184,-0.011722,-0.006343,-0.004139,-0.007247,-0.007062,-0.006133,-0.008669,-0.009420,-0.012322,-0.012152,-0.010257,-0.010266,-0.012141,-0.013813,-0.013628,-0.017166,-0.024160,-0.029675,-0.033873,-0.037237,-0.039422,-0.044461,-0.048154,-0.047857,-0.048428,-0.052084,-0.054879,-0.054572,-0.053282,-0.050808,-0.052087,-0.051990,-0.050820,-0.049826,-0.048255,-0.045906,-0.047681,-0.047408,-0.046439,-0.042643,-0.045297,-0.050234,-0.053810,-0.056404,-0.058423,-0.063802,-0.070924,-0.070086,-0.070817,-0.075076,-0.077571,-0.081706,-0.083457,-0.087377,-0.093073,-0.099727,-0.107072,-0.108885,-0.113264,-0.119728,-0.122471,-0.127623,-0.128783,-0.130534,-0.134487,-0.136011,-0.138970,-0.141306,-0.142499,-0.145501,-0.144479,-0.146386,-0.146412,-0.143833,-0.143864,-0.142489,-0.141567,-0.139931,-0.140276,-0.136262,-0.134248,-0.131846,-0.127460,-0.119781,-0.114770,-0.108928,-0.110224,-0.106854,-0.098691,-0.093705
-0.010874,-0.012277,-0.012720,-0.008940,-0.006336,-0.008535,-0.011799,-0.008657,-0.008944,-0.010077,-0.009794,-0.009033,-0.010729,-0.010186,-0.012015,-0.010627,-0.010070,-0.010856,-0.012912,-0.014098,-0.013192,-0.017208,-0.023082,-0.026190,-0.031206,-0.033576,-0.035147,-0.041895,-0.044250,-0.044478,-0.045871,-0.047581,-0.050122,-0.050773,-0.049402,-0.048381,-0.049350,-0.050329,-0.049424,-0.047536,-0.048266,-0.045208,-0.048207,-0.048689,-0.047005,-0.045058,-0.048520,-0.051650,-0.056320,-0.057037,-0.059428,-0.065124,-0.069569,-0.069489,-0.070954,-0.074635,-0.077648,-0.081656,-0.083597,-0.087234,-0.092242,-0.096949,-0.104441,-0.106532,-0.110322,-0.115364,-0.120355,-0.126105,-0.128327,-0.128459,-0.131235,-0.134840,-0.138292,-0.139855,-0.140975,-0.144365,-0.143947,-0.146792,-0.145457,-0.145272,-0.145679,-0.145690,-0.143754,-0.142885,-0.142630,-0.138913,-0.134479,-0.131791,-0.125892,-0.118051,-0.112962,-0.106458,-0.107132,-0.105367,-0.096608,-0.090646
-0.010249,-0.010811,-0.011416,-0.008730,-0.006857,-0.010370,-0.013083,-0.011770,-0.012424,-0.014002,-0.012515,-0.011441,-0.012348,-0.012884,-0.013070,-0.012372,-0.011364,-0.013930,-0.014845,-0.016700,-0.015224,-0.018545,-0.022674,-0.024995,-0.028858,-0.031873,-0.033807,-0.039539,-0.041789,-0.042364,-0.044394,-0.045589,-0.046105,-0.044703,-0.043877,-0.044336,-0.045967,-0.047133,-0.046098,-0.044962,-0.046748,-0.044129,-0.047413,-0.047596,-0.044734,-0.043828,-0.048615,-0.051600,-0.055784,-0.056226,-0.059201,-0.066634,-0.071590,-0.072101,-0.072582,-0.076928,-0.079688,-0.083935,-0.086032,-0.088176,-0.092129,-0.097529,-0.104890,-0.106526,-0.108555,-0.112430,-0.118109,-0.123635,-0.126121,-0.125753,-0.129423,-0.134496,-0.138904,-0.139525,-0.141852,-0.146456,-0.146269,-0.148381,-0.148025,-0.147041,-0.150023,-0.149125,-0.146313,-0.145802,-0.145135,-0.139876,-0.133534,-0.128629,-0.123820,-0.116494,-0.111571,-0.105766,-0.106002,-0.105806,-0.096911,-0.090672
-0.007771,-0.007942,-0.008588,-0.005804,-0.006528,-0.008137,-0.009655,-0.007101,-0.008843,-0.010492,-0.009846,-0.009043,-0.010243,-0.012861,-0.014984,-0.013241,-0.014301,-0.015730,-0.016509,-0.020604,-0.019201,-0.021507,-0.025272,-0.026653,-0.029924,-0.032015,-0.030386,-0.035095,-0.036233,-0.037683,-0.039762,-0.039959,-0.040968,-0.040953,-0.040617,-0.043105,-0.045236,-0.045294,-0.045030,-0.045088,-0.047717,-0.045691,-0.046866,-0.046399,-0.043388,-0.043914,-0.047585,-0.048873,-0.053218,-0.053689,-0.056485,-0.064558,-0.068283,-0.069680,-0.071457,-0.074959,-0.078757,-0.083305,-0.087216,-0.089221,-0.091454,-0.095489,-0.102581,-0.104298,-0.106240,-0.108756,-0.116368,-0.123067,-0.127191,-0.128994,-0.132321,-0.137997,-0.141499,-0.140432,-0.141957,-0.144993,-0.143356,-0.147334,-0.146461,-0.146871,-0.150543,-0.149969,-0.147320,-0.147167,-0.144705,-0.139907,-0.131437,-0.125837,-0.121263,-0.115534,-0.109969,-0.103440,-0.103294,-0.102301,-0.095621,-0.088655
-0.005854,-0.006715,-0.008054,-0.006645,-0.007712,-0.009990,-0.009605,-0.009708,-0.010363,-0.011195,-0.009570,-0.007787,-0.008470,-0.011637,-0.013086,-0.012577,-0.013946,-0.015677,-0.018291,-0.022279,-0.022013,-0.023174,-0.025703,-0.027808,-0.031489,-0.032020,-0.030012,-0.033079,-0.034359,-0.035982,-0.036477,-0.036267,-0.037297,-0.037483,-0.037714,-0.039291,-0.042350,-0.041990,-0.043026,-0.043476,-0.046772,-0.046419,-0.048508,-0.046159,-0.045578,-0.046134,-0.049599,-0.050854,-0.054155,-0.055116,-0.058400,-0.064828,-0.067909,-0.068433,-0.070620,-0.073426,-0.076189,-0.080531,-0.084386,-0.085700,-0.088650,-0.092016,-0.099583,-0.102762,-0.105892,-0.107938,-0.115078,-0.122730,-0.126869,-0.128251,-0.130725,-0.135879,-0.139829,-0.139727,-0.141232,-0.145171,-0.144277,-0.148746,-0.147527,-0.147253,-0.150563,-0.149820,-0.144993,-0.143387,-0.140913,-0.137316,-0.131324,-0.126664,-0.121809,-0.118305,-0.113683,-0.106409,-0.104925,-0.102710,-0.094589,-0.088218
-0.004197,-0.004760,-0.008123,-0.007196,-0.009767,-0.011281,-0.010318,-0.009718,-0.008969,-0.008539,-0.006753,-0.005690,-0.007494,-0.010958,-0.012371,-0.013347,-0.016034,-0.017297,-0.019096,-0.022076,-0.022764,-0.024397,-0.025448,-0.025710,-0.030185,-0.031059,-0.030296,-0.031999,-0.032024,-0.033151,-0.033753,-0.033669,-0.033491,-0.032648,-0.034252,-0.035433,-0.039435,-0.039858,-0.041308,-0.042543,-0.046887,-0.046141,-0.050737,-0.048388,-0.047051,-0.046901,-0.049860,-0.050860,-0.054749,-0.053416,-0.057082,-0.063029,-0.064830,-0.066410,-0.068982,-0.071645,-0.074322,-0.078204,-0.083578,-0.085252,-0.087195,-0.089319,-0.095378,-0.099128,-0.102843,-0.103571,-0.111084,-0.119887,-0.125651,-0.127920,-0.131318,-0.137873,-0.141131,-0.141352,-0.140910,-0.144718,-0.144765,-0.149305,-0.145598,-0.146516,-0.149339,-0.149973,-0.145335,-0.142314,-0.139444,-0.137506,-0.130645,-0.126037,-0.121301,-0.118331,-0.115556,-0.107225,-0.104832,-0.102332,-0.093912,-0.086708
-0.005091,-0.005248,-0.010496,-0.008890,-0.011475,-0.013071,-0.012208,-0.013199,-0.011509,-0.010305,-0.009547,-0.008429,-0.009586,-0.012689,-0.014820,-0.015946,-0.018384,-0.019517,-0.020000,-0.023738,-0.023746,-0.025050,-0.025710,-0.025833,-0.030804,-0.032585,-0.030867,-0.032791,-0.031711,-0.032040,-0.032555,-0.031928,-0.031169,-0.031261,-0.034077,-0.033704,-0.038750,-0.039234,-0.040101,-0.041793,-0.046147,-0.044238,-0.049949,-0.047140,-0.046080,-0.045138,-0.048348,-0.047728,-0.051259,-0.050459,-0.055381,-0.061129,-0.063441,-0.065687,-0.068886,-0.072765,-0.075421,-0.078897,-0.083974,-0.088121,-0.088839,-0.092013,-0.097096,-0.100442,-0.103181,-0.104454,-0.109938,-0.118774,-0.124943,-0.128727,-0.133932,-0.140062,-0.142218,-0.143506,-0.144365,-0.147806,-0.146833,-0.149996,-0.147493,-0.149034,-0.151456,-0.150879,-0.146574,-0.144397,-0.141392,-0.139804,-0.133322,-0.128849,-0.123793,-0.120536,-0.118449,-0.109420,-0.106357,-0.103804,-0.094747,-0.088491
-0.005085,-0.004357,-0.007246,-0.005540,-0.008811,-0.008939,-0.008926,-0.013730,-0.012109,-0.011877,-0.010385,-0.008905,-0.010441,-0.011728,-0.011670,-0.013388,-0.015761,-0.018276,-0.019371,-0.022107,-0.022942,-0.023490,-0.023153,-0.022137,-0.026041,-0.028732,-0.027366,-0.028809,-0.028020,-0.027281,-0.029315,-0.028641,-0.026020,-0.026604,-0.029366,-0.030315,-0.036208,-0.035685,-0.036670,-0.038731,-0.043937,-0.042919,-0.047098,-0.045231,-0.044045,-0.045089,-0.048601,-0.048503,-0.052025,-0.051773,-0.055607,-0.060634,-0.062280,-0.065021,-0.067132,-0.070971,-0.072728,-0.076291,-0.083022,-0.087731,-0.088480,-0.091235,-0.096435,-0.101723,-0.103611,-0.102461,-0.106973,-0.115827,-0.122783,-0.126900,-0.131823,-0.139674,-0.142653,-0.143939,-0.144926,-0.147451,-0.147276,-0.150559,-0.147027,-0.149269,-0.151022,-0.150035,-0.146538,-0.143601,-0.140897,-0.141257,-0.136073,-0.132261,-0.128799,-0.125911,-0.124824,-0.117025,-0.111880,-0.107280,-0.099083,-0.090846
-0.007074,-0.007368,-0.007610,-0.005963,-0.009192,-0.007806,-0.006212,-0.010637,-0.008841,-0.010459,-0.007563,-0.006084,-0.008535,-0.010382,-0.009467,-0.011302,-0.012078,-0.014736,-0.015958,-0.019032,-0.020352,-0.021494,-0.021761,-0.022725,-0.026170,-0.028462,-0.026567,-0.027042,-0.025689,-0.024535,-0.025968,-0.025580,-0.024602,-0.025849,-0.029143,-0.030678,-0.035552,-0.035629,-0.038086,-0.040481,-0.044588,-0.045381,-0.048513,-0.046893,-0.044905,-0.045042,-0.047369,-0.047127,-0.047788,-0.048448,-0.053808,-0.058121,-0.059747,-0.061845,-0.064419,-0.069999,-0.072303,-0.073750,-0.080820,-0.087646,-0.088653,-0.091358,-0.095050,-0.099127,-0.101847,-0.102739,-0.104791,-0.112933,-0.121093,-0.126606,-0.132608,-0.138882,-0.139830,-0.140707,-0.143436,-0.144819,-0.146082,-0.149181,-0.147715,-0.149682,-0.152491,-0.149966,-0.147477,-0.143487,-0.141233,-0.140478,-0.137027,-0.133528,-0.130824,-0.127356,-0.125329,-0.118564,-0.114282,-0.107966,-0.100395,-0.093005
-0.005492,-0.004990,-0.004755,-0.003813,-0.006194,-0.004901,-0.003719,-0.008745,-0.008791,-0.010059,-0.008301,-0.008775,-0.011551,-0.012766,-0.012915,-0.014046,-0.014643,-0.015248,-0.016114,-0.017492,-0.018631,-0.019171,-0.019695,-0.020969,-0.025096,-0.026833,-0.025724,-0.026062,-0.023913,-0.022198,-0.023086,-0.023031,-0.023311,-0.026233,-0.030148,-0.032102,-0.036274,-0.037663,-0.040838,-0.043309,-0.045739,-0.045801,-0.048652,-0.047516,-0.046090,-0.045104,-0.045627,-0.046437,-0.047759,-0.048562,-0.054161,-0.056323,-0.057113,-0.059386,-0.061556,-0.067353,-0.070383,-0.070721,-0.076619,-0.084996,-0.087806,-0.090004,-0.092962,-0.096058,-0.101138,-0.103358,-0.105383,-0.111991,-0.120117,-0.126035,-0.132800,-0.136467,-0.137713,-0.138208,-0.141681,-0.143399,-0.144277,-0.148417,-0.148229,-0.150205,-0.153425,-0.150831,-0.148489,-0.145328,-0.142261,-0.142724,-0.141261,-0.137820,-0.134896,-0.131553,-0.129424,-0.122498,-0.116268,-0.108143,-0.100393,-0.092584
-0.005557,-0.004753,-0.004535,-0.004279,-0.007155,-0.006851,-0.006288,-0.011861,-0.012040,-0.012598,-0.010522,-0.009650,-0.012097,-0.012259,-0.011616,-0.013041,-0.012897,-0.014231,-0.016197,-0.017375,-0.018654,-0.018724,-0.019725,-0.021806,-0.024869,-0.026397,-0.025893,-0.026495,-0.024764,-0.021946,-0.021678,-0.022732,-0.023262,-0.026082,-0.029128,-0.030281,-0.034123,-0.036753,-0.040384,-0.041368,-0.042526,-0.042684,-0.046366,-0.046945,-0.045896,-0.044002,-0.044973,-0.046560,-0.049191,-0.049626,-0.053558,-0.055256,-0.055765,-0.058398,-0.060254,-0.064841,-0.067327,-0.068194,-0.073627,-0.082518,-0.086098,-0.089326,-0.093228,-0.097425,-0.102644,-0.105503,-0.107121,-0.112512,-0.118754,-0.124058,-0.130804,-0.135023,-0.136814,-0.138477,-0.142180,-0.145584,-0.146588,-0.149649,-0.149449,-0.150692,-0.153654,-0.151705,-0.148901,-0.146646,-0.145214,-0.145868,-0.145452,-0.141989,-0.138877,-0.136867,-0.134321,-0.127254,-0.120011,-0.111024,-0.101863,-0.093788
-0.004428,-0.003140,-0.003841,-0.001332,-0.004223,-0.004054,-0.003594,-0.009492,-0.011237,-0.012172,-0.011809,-0.010641,-0.014020,-0.013671,-0.012123,-0.013256,-0.013719,-0.013946,-0.016904,-0.018179,-0.018955,-0.019737,-0.021688,-0.021734,-0.024410,-0.023733,-0.022465,-0.024113,-0.021901,-0.019237,-0.019963,-0.021733,-0.024221,-0.026820,-0.029374,-0.030645,-0.032720,-0.035354,-0.038356,-0.038806,-0.038996,-0.038037,-0.042114,-0.044184,-0.042130,-0.040335,-0.042242,-0.044675,-0.048160,-0.048787,-0.051751,-0.053822,-0.055781,-0.058599,-0.058546,-0.063709,-0.066256,-0.067847,-0.073152,-0.081201,-0.083734,-0.089967,-0.092282,-0.095980,-0.101088,-0.105185,-0.106358,-0.111500,-0.116506,-0.122897,-0.130813,-0.134997,-0.138106,-0.140971,-0.144391,-0.148912,-0.150127,-0.152628,-0.153066,-0.154053,-0.156795,-0.157005,-0.153755,-0.152057,-0.149632,-0.149260,-0.146622,-0.141769,-0.138500,-0.134806,-0.130450,-0.123333,-0.117610,-0.109126,-0.100871,-0.092543
-0.002600,-0.000360,-0.001461,-0.001330,-0.003133,-0.001526,-0.000475,-0.007234,-0.011229,-0.011851,-0.011064,-0.009694,-0.014002,-0.013939,-0.013079,-0.013621,-0.013518,-0.014399,-0.016543,-0.016074,-0.015466,-0.015977,-0.018243,-0.019425,-0.020804,-0.021370,-0.021714,-0.024278,-0.022326,-0.020722,-0.021508,-0.022378,-0.024408,-0.026537,-0.028627,-0.030519,-0.031287,-0.032653,-0.035773,-0.036835,-0.036540,-0.035970,-0.038096,-0.040185,-0.039420,-0.039137,-0.040045,-0.042097,-0.045055,-0.046727,-0.049482,-0.051097,-0.053253,-0.056046,-0.056472,-0.062982,-0.067196,-0.068673,-0.073400,-0.079900,-0.083532,-0.089980,-0.092271,-0.094600,-0.101100,-0.106150,-0.109205,-0.113852,-0.118361,-0.124529,-0.132387,-0.135959,-0.139851,-0.142325,-0.147022,-0.152370,-0.154579,-0.156233,-0.157530,-0.157279,-0.159984,-0.159099,-0.155803,-0.153650,-0.152373,-0.150343,-0.149329,-0.145382,-0.142315,-0.137877,-0.132066,-0.124770,-0.118118,-0.108913,-0.100456,-0.092847
-0.000668,0.000177,-0.000373,-0.000435,-0.001814,-0.001894,-0.001106,-0.006947,-0.009998,-0.009946,-0.008534,-0.008051,-0.011059,-0.009622,-0.008353,-0.008632,-0.010108,-0.010679,-0.013166,-0.012387,-0.013446,-0.014887,-0.017349,-0.017051,-0.018646,-0.019197,-0.022046,-0.024931,-0.022669,-0.022010,-0.023951,-0.026336,-0.028432,-0.029289,-0.029751,-0.032813,-0.033224,-0.034498,-0.036967,-0.036681,-0.036586,-0.037637,-0.038457,-0.040190,-0.039728,-0.040027,-0.040225,-0.041984,-0.044571,-0.047400,-0.050285,-0.051789,-0.053058,-0.055761,-0.056664,-0.062128,-0.065853,-0.066953,-0.069876,-0.075827,-0.081184,-0.086875,-0.088909,-0.091595,-0.100151,-0.105849,-0.110350,-0.114865,-0.120071,-0.126739,-0.133869,-0.136413,-0.141553,-0.143521,-0.147587,-0.151845,-0.156188,-0.159185,-0.160807,-0.161179,-0.163680,-0.163497,-0.159979,-0.156566,-0.154155,-0.150902,-0.149372,-0.146167,-0.143645,-0.140692,-0.133718,-0.126564,-0.120484,-0.111203,-0.101244,-0.092452
0.002594,0.002078,0.000075,-0.001280,-0.001034,-0.002131,-0.000698,-0.005244,-0.007551,-0.007683,-0.008086,-0.007081,-0.009682,-0.009090,-0.009868,-0.010065,-0.012605,-0.011633,-0.014811,-0.013483,-0.014870,-0.014845,-0.017780,-0.017442,-0.020240,-0.019609,-0.022850,-0.025268,-0.024364,-0.024869,-0.025724,-0.026809,-0.029822,-0.031354,-0.032046,-0.033737,-0.034108,-0.035520,-0.038356,-0.038405,-0.036694,-0.038290,-0.040665,-0.041124,-0.041413,-0.040214,-0.040172,-0.040629,-0.042709,-0.045173,-0.048754,-0.050267,-0.051413,-0.054579,-0.059032,-0.063334,-0.066643,-0.067049,-0.068595,-0.075371,-0.079850,-0.085045,-0.086975,-0.089288,-0.099189,-0.106959,-0.110607,-0.114510,-0.119190,-0.126179,-0.134825,-0.137213,-0.143483,-0.146584,-0.151654,-0.156772,-0.162108,-0.163776,-0.166616,-0.165782,-0.168856,-0.169291,-0.165210,-0.162572,-0.159639,-0.155702,-0.153738,-0.148775,-0.144330,-0.139846,-0.130821,-0.122766,-0.114626,-0.106726,-0.097678,-0.089911
0.000446,0.000762,-0.001143,-0.003148,-0.002778,-0.005249,-0.004398,-0.006844,-0.007943,-0.007803,-0.009144,-0.008047,-0.009259,-0.007172,-0.008772,-0.009348,-0.012700,-0.010995,-0.013801,-0.013381,-0.016434,-0.015548,-0.019408,-0.018139,-0.022526,-0.021361,-0.024248,-0.025711,-0.025718,-0.025951,-0.027637,-0.029261,-0.032129,-0.032671,-0.032955,-0.035193,-0.036051,-0.035931,-0.036357,-0.037067,-0.036588,-0.037888,-0.039254,-0.038869,-0.040213,-0.040227,-0.041446,-0.041214,-0.044855,-0.047949,-0.050925,-0.052596,-0.053349,-0.055744,-0.059502,-0.061627,-0.064012,-0.065090,-0.067207,-0.072649,-0.076493,-0.083039,-0.086582,-0.091169,-0.102118,-0.108120,-0.113577,-0.118869,-0.122960,-0.129704,-0.137120,-0.139147,-0.148056,-0.152855,-0.157781,-0.163916,-0.168445,-0.170867,-0.173495,-0.171158,-0.171972,-0.172485,-0.168733,-0.167766,-0.164957,-0.162448,-0.160534,-0.156305,-0.150778,-0.147149,-0.138247,-0.129351,-0.118881,-0.111354,-0.101195,-0.094204
-0.000634,-0.000644,-0.003138,-0.004443,-0.004382,-0.006216,-0.004881,-0.005907,-0.006630,-0.007441,-0.009282,-0.007363,-0.007119,-0.005579,-0.007790,-0.008244,-0.010599,-0.008563,-0.011933,-0.013323,-0.015638,-0.015424,-0.021338,-0.019856,-0.024106,-0.022355,-0.024433,-0.026648,-0.026608,-0.025175,-0.026596,-0.028523,-0.030998,-0.031784,-0.031811,-0.034392,-0.036484,-0.035376,-0.036175,-0.037097,-0.036672,-0.039098,-0.039188,-0.037748,-0.040615,-0.040118,-0.042573,-0.041920,-0.044587,-0.048535,-0.051141,-0.052886,-0.054162,-0.056316,-0.059581,-0.061504,-0.063869,-0.065375,-0.068497,-0.073093,-0.075994,-0.083117,-0.086540,-0.093057,-0.103812,-0.108932,-0.114626,-0.120879,-0.125058,-0.132207,-0.137647,-0.141261,-0.149897,-0.155558,-0.158652,-0.164886,-0.170649,-0.173025,-0.174833,-0.173944,-0.175526,-0.176996,-0.173437,-0.171337,-0.169290,-0.167004,-0.163953,-0.159048,-0.154718,-0.150444,-0.141179,-0.131916,-0.121603,-0.114583,-0.105096,-0.097471
0.001570,0.001495,-0.000986,-0.001916,0.000605,-0.000643,0.000757,-0.002111,-0.003148,-0.004394,-0.006675,-0.006911,-0.007693,-0.006057,-0.006461,-0.007076,-0.009879,-0.007398,-0.009858,-0.010635,-0.013121,-0.014775,-0.019772,-0.019238,-0.023893,-0.022406,-0.026130,-0.028227,-0.027752,-0.027106,-0.027509,-0.029313,-0.032369,-0.032549,-0.033294,-0.036332,-0.036500,-0.035594,-0.035462,-0.036468,-0.036590,-0.039806,-0.040000,-0.039713,-0.042650,-0.041930,-0.044068,-0.042949,-0.043481,-0.047153,-0.050555,-0.052406,-0.054231,-0.055500,-0.058819,-0.062419,-0.064217,-0.064606,-0.066761,-0.071934,-0.076204,-0.081742,-0.084955,-0.091484,-0.102131,-0.108405,-0.113184,-0.119392,-0.124963,-0.131798,-0.138549,-0.143595,-0.152305,-0.159280,-0.163367,-0.170283,-0.177124,-0.178947,-0.180290,-0.179772,-0.181306,-0.182350,-0.179219,-0.176457,-0.173506,-0.172025,-0.168304,-0.163166,-0.158595,-0.152900,-0.143952,-0.134375,-0.123772,-0.117718,-0.107949,-0.099264
0.000475,0.001474,0.000469,-0.001296,0.001287,0.000955,0.002304,0.000881,0.000606,-0.002121,-0.005724,-0.006193,-0.006940,-0.008479,-0.009425,-0.010123,-0.011086,-0.007938,-0.010073,-0.010329,-0.009008,-0.009562,-0.014703,-0.016127,-0.020352,-0.020548,-0.025255,-0.028068,-0.029990,-0.029484,-0.029463,-0.031836,-0.033183,-0.032203,-0.033710,-0.037280,-0.038131,-0.038417,-0.037145,-0.038921,-0.041119,-0.044514,-0.044215,-0.042822,-0.044183,-0.044186,-0.043835,-0.041344,-0.040691,-0.041874,-0.045190,-0.047479,-0.047448,-0.049426,-0.053306,-0.057621,-0.060578,-0.060664,-0.063377,-0.071069,-0.075506,-0.081523,-0.084933,-0.092202,-0.103766,-0.110548,-0.116169,-0.124180,-0.130146,-0.137095,-0.143936,-0.149527,-0.156505,-0.163532,-0.168528,-0.174813,-0.180784,-0.183300,-0.186109,-0.186490,-0.188066,-0.187949,-0.185568,-0.184606,-0.182004,-0.178837,-0.174779,-0.168845,-0.164099,-0.158832,-0.150668,-0.140720,-0.129402,-0.123895,-0.114008,-0.104117
-0.000256,0.000322,0.001066,0.001375,0.005054,0.001523,0.001119,0.001118,0.001451,-0.002423,-0.006112,-0.008166,-0.008398,-0.009354,-0.009956,-0.010642,-0.011713,-0.010061,-0.012100,-0.013313,-0.012264,-0.013593,-0.018792,-0.019867,-0.022813,-0.023879,-0.026987,-0.029321,-0.030017,-0.028807,-0.029194,-0.033093,-0.033967,-0.033987,-0.035193,-0.038545,-0.040379,-0.041655,-0.040085,-0.041110,-0.042957,-0.045870,-0.046070,-0.045009,-0.044422,-0.042067,-0.043882,-0.041363,-0.041422,-0.042986,-0.047086,-0.050322,-0.052698,-0.053837,-0.057403,-0.060437,-0.062121,-0.060889,-0.063370,-0.070610,-0.073500,-0.078855,-0.083530,-0.092309,-0.103444,-0.109984,-0.115826,-0.125111,-0.132014,-0.139821,-0.146768,-0.152987,-0.161417,-0.169048,-0.173514,-0.180133,-0.184861,-0.189947,-0.193775,-0.194316,-0.196352,-0.196952,-0.194777,-0.195081,-0.189737,-0.185941,-0.180646,-0.172720,-0.168161,-0.162612,-0.154128,-0.145287,-0.135081,-0.129659,-0.118521,-0.106877
-0.000388,0.000191,0.001453,0.001612,0.004424,0.001524,0.003307,0.003829,0.003695,-0.001550,-0.004485,-0.005108,-0.006467,-0.009664,-0.010105,-0.011657,-0.011546,-0.011174,-0.014725,-0.015624,-0.014049,-0.016264,-0.021413,-0.022393,-0.025665,-0.025092,-0.027408,-0.029920,-0.030396,-0.029029,-0.028905,-0.031535,-0.032702,-0.033131,-0.033921,-0.037797,-0.038514,-0.040388,-0.039078,-0.041884,-0.044167,-0.046907,-0.047720,-0.047997,-0.047615,-0.045051,-0.046523,-0.044604,-0.044839,-0.045027,-0.048872,-0.050748,-0.053648,-0.053336,-0.055779,-0.059544,-0.061910,-0.060563,-0.064604,-0.071419,-0.074849,-0.079462,-0.083945,-0.092106,-0.103069,-0.109607,-0.115033,-0.125039,-0.133226,-0.140894,-0.147309,-0.154247,-0.162384,-0.171559,-0.176632,-0.183405,-0.187436,-0.194034,-0.197483,-0.198941,-0.201184,-0.202779,-0.202170,-0.203997,-0.198345,-0.195668,-0.189354,-0.181403,-0.175364,-0.167716,-0.157842,-0.149533,-0.138464,-0.133156,-0.121336,-0.110402
-0.001471,0.001123,0.002737,0.003030,0.006043,0.004557,0.006313,0.007148,0.005239,0.001456,-0.001092,-0.004083,-0.006990,-0.010960,-0.010881,-0.012789,-0.012665,-0.014360,-0.016181,-0.018430,-0.016906,-0.019991,-0.023675,-0.025777,-0.028540,-0.028651,-0.030131,-0.033162,-0.032072,-0.030346,-0.030551,-0.032242,-0.034485,-0.033733,-0.033013,-0.037508,-0.039046,-0.040613,-0.039912,-0.042192,-0.044335,-0.047061,-0.047950,-0.048222,-0.047899,-0.045963,-0.046188,-0.045984,-0.047105,-0.047062,-0.050205,-0.051712,-0.053840,-0.053814,-0.054045,-0.057245,-0.060239,-0.059911,-0.064007,-0.069855,-0.074915,-0.080393,-0.085162,-0.093264,-0.103852,-0.110013,-0.116445,-0.126055,-0.134118,-0.142400,-0.150199,-0.156635,-0.165575,-0.175962,-0.182426,-0.189988,-0.192704,-0.199275,-0.203822,-0.206617,-0.209271,-0.208773,-0.208930,-0.212848,-0.207535,-0.204668,-0.196776,-0.188798,-0.183142,-0.176370,-0.166722,-0.158517,-0.146968,-0.140861,-0.127658,-0.116266
0.001393,0.003181,0.003257,0.003227,0.005992,0.005115,0.006743,0.007016,0.005650,0.001635,-0.000827,-0.004886,-0.008019,-0.013059,-0.012509,-0.015921,-0.014279,-0.016242,-0.016641,-0.018349,-0.015829,-0.018738,-0.019988,-0.022866,-0.024134,-0.025359,-0.028801,-0.032479,-0.032597,-0.031630,-0.031725,-0.033327,-0.035621,-0.033525,-0.032037,-0.034606,-0.036647,-0.038746,-0.039940,-0.041267,-0.041655,-0.044247,-0.046889,-0.047271,-0.047106,-0.045778,-0.046131,-0.048211,-0.050460,-0.049051,-0.050942,-0.051952,-0.052728,-0.052999,-0.054529,-0.057366,-0.061354,-0.062578,-0.067236,-0.073117,-0.078428,-0.081821,-0.086193,-0.093959,-0.103282,-0.110551,-0.118213,-0.127798,-0.136308,-0.145164,-0.152434,-0.160224,-0.167372,-0.177538,-0.184346,-0.192268,-0.196582,-0.204634,-0.210406,-0.215298,-0.218739,-0.218561,-0.218828,-0.221171,-0.214881,-0.210123,-0.201205,-0.191637,-0.187435,-0.180633,-0.170795,-0.161743,-0.150732,-0.143746,-0.131122,-0.117317
0.000926,0.001916,0.003626,0.002989,0.006281,0.005405,0.007730,0.008385,0.008951,0.004485,0.003104,-0.001285,-0.005795,-0.011224,-0.011463,-0.015359,-0.013549,-0.016236,-0.016129,-0.016545,-0.015484,-0.018117,-0.019111,-0.021895,-0.023670,-0.026404,-0.031200,-0.033817,-0.035434,-0.035391,-0.035804,-0.036445,-0.038398,-0.034534,-0.033464,-0.033977,-0.034168,-0.037268,-0.039007,-0.040353,-0.041574,-0.044479,-0.048418,-0.050899,-0.048951,-0.048247,-0.048025,-0.051230,-0.053179,-0.051050,-0.052260,-0.053738,-0.053636,-0.053305,-0.053782,-0.056112,-0.059831,-0.061510,-0.065696,-0.071452,-0.077878,-0.082452,-0.086832,-0.093285,-0.101725,-0.110922,-0.119465,-0.129598,-0.138360,-0.147710,-0.157883,-0.167130,-0.174674,-0.186504,-0.193063,-0.200373,-0.205059,-0.212812,-0.219105,-0.223955,-0.224491,-0.226050,-0.226483,-0.228585,-0.222055,-0.215069,-0.205149,-0.197094,-0.190881,-0.183535,-0.174157,-0.165683,-0.155440,-0.148502,-0.134662,-0.120941
0.001218,0.002283,0.004350,0.003591,0.005286,0.003312,0.005071,0.006953,0.007158,0.001331,0.000730,-0.003208,-0.005404,-0.011902,-0.012588,-0.015911,-0.012951,-0.015979,-0.016926,-0.017063,-0.015442,-0.016378,-0.017543,-0.019682,-0.021817,-0.023139,-0.028939,-0.032437,-0.036046,-0.037540,-0.039533,-0.039277,-0.041189,-0.037265,-0.035721,-0.035793,-0.037282,-0.040122,-0.044277,-0.045993,-0.046749,-0.048555,-0.052134,-0.053218,-0.050571,-0.049063,-0.048625,-0.052220,-0.054287,-0.052995,-0.052292,-0.052977,-0.053338,-0.052622,-0.053167,-0.054721,-0.058522,-0.062580,-0.067936,-0.072521,-0.078592,-0.083691,-0.089158,-0.096695,-0.104499,-0.113163,-0.123035,-0.134430,-0.143623,-0.152597,-0.160872,-0.169251,-0.177748,-0.188786,-0.194869,-0.201062,-0.207076,-0.217043,-0.224728,-0.230008,-0.231087,-0.232599,-0.233170,-0.235528,-0.228692,-0.220744,-0.211578,-0.203534,-0.197569,-0.189392,-0.178499,-0.169336,-0.159625,-0.150739,-0.136700,-0.122215
0.002480,0.003036,0.005414,0.004470,0.006360,0.005042,0.006520,0.006932,0.007037,0.002718,0.002488,-0.001139,-0.003273,-0.008521,-0.008511,-0.011562,-0.010691,-0.014432,-0.015408,-0.016607,-0.017668,-0.019455,-0.021005,-0.023026,-0.024708,-0.025877,-0.031442,-0.033958,-0.037604,-0.039290,-0.041230,-0.040391,-0.042610,-0.038164,-0.035982,-0.035174,-0.035727,-0.037101,-0.041891,-0.044272,-0.044499,-0.047450,-0.049655,-0.051562,-0.050994,-0.050434,-0.050286,-0.054590,-0.056317,-0.057067,-0.056778,-0.056785,-0.057464,-0.058212,-0.059433,-0.060940,-0.064067,-0.067851,-0.072659,-0.075801,-0.081362,-0.084152,-0.088999,-0.096046,-0.103052,-0.111158,-0.122048,-0.131929,-0.143177,-0.152998,-0.161020,-0.170285,-0.180891,-0.190681,-0.197312,-0.202870,-0.211170,-0.222367,-0.229700,-0.235476,-0.237214,-0.237850,-0.240002,-0.241579,-0.234409,-0.227166,-0.216853,-0.209040,-0.203691,-0.194367,-0.181845,-0.173137,-0.162171,-0.153124,-0.139961,-0.124991
0.003156,0.003952,0.005025,0.004576,0.004514,0.004809,0.006810,0.006735,0.006930,0.003859,0.002359,0.000309,-0.001439,-0.006960,-0.007417,-0.010493,-0.009796,-0.011926,-0.014246,-0.016195,-0.019000,-0.020359,-0.021920,-0.023866,-0.025717,-0.026000,-0.030963,-0.032693,-0.038007,-0.040579,-0.042576,-0.042059,-0.044942,-0.040550,-0.038536,-0.037724,-0.038094,-0.038476,-0.043859,-0.045311,-0.046062,-0.049123,-0.051758,-0.052729,-0.053906,-0.053715,-0.053477,-0.056971,-0.058829,-0.057636,-0.057352,-0.057647,-0.056960,-0.057613,-0.059974,-0.061404,-0.063103,-0.068637,-0.071830,-0.075809,-0.082042,-0.084864,-0.088353,-0.096367,-0.102457,-0.111548,-0.121537,-0.131134,-0.142895,-0.152714,-0.161960,-0.170717,-0.180728,-0.191015,-0.199802,-0.204838,-0.215055,-0.224795,-0.231854,-0.238968,-0.241334,-0.240874,-0.243219,-0.244372,-0.237825,-0.233007,-0.222959,-0.215499,-0.207943,-0.198878,-0.186087,-0.177170,-0.164964,-0.154247,-0.141922,-0.127937
0.004495,0.005785,0.006815,0.005387,0.004890,0.004703,0.005537,0.005666,0.004695,0.002962,0.001267,-0.002011,-0.003882,-0.008510,-0.010449,-0.012230,-0.011641,-0.013847,-0.014417,-0.016488,-0.018858,-0.017787,-0.018538,-0.022074,-0.023396,-0.024605,-0.028222,-0.030593,-0.037357,-0.041640,-0.043618,-0.043240,-0.047276,-0.044099,-0.042567,-0.040941,-0.041697,-0.043009,-0.048154,-0.048288,-0.049941,-0.051249,-0.053014,-0.053251,-0.052727,-0.053595,-0.053480,-0.054612,-0.057557,-0.057914,-0.056987,-0.059121,-0.057870,-0.059441,-0.063679,-0.064341,-0.066124,-0.072284,-0.074850,-0.078932,-0.084472,-0.087431,-0.091530,-0.099845,-0.106289,-0.114796,-0.125440,-0.135441,-0.145532,-0.155635,-0.165387,-0.174412,-0.185637,-0.194975,-0.203810,-0.210124,-0.219459,-0.228196,-0.236064,-0.242238,-0.245682,-0.244883,-0.247261,-0.249793,-0.243847,-0.238223,-0.228167,-0.219149,-0.211513,-0.202443,-0.189237,-0.180448,-0.167038,-0.155335,-0.143594,-0.129467
0.004422,0.004531,0.005643,0.004540,0.002979,0.003247,0.003661,0.004160,0.003953,0.001235,-0.000020,-0.001446,-0.002970,-0.007432,-0.010651,-0.011710,-0.011652,-0.012839,-0.015624,-0.016633,-0.017916,-0.016733,-0.019183,-0.021217,-0.023276,-0.023752,-0.028693,-0.030096,-0.038672,-0.043103,-0.045666,-0.046275,-0.049327,-0.047544,-0.047862,-0.045506,-0.045447,-0.047387,-0.052849,-0.053912,-0.055732,-0.057762,-0.057622,-0.057644,-0.056250,-0.056706,-0.056391,-0.055472,-0.057281,-0.058511,-0.058073,-0.060663,-0.058973,-0.060664,-0.064876,-0.065022,-0.065578,-0.071452,-0.074486,-0.078773,-0.084223,-0.087823,-0.092180,-0.100501,-0.106628,-0.115032,-0.126239,-0.135921,-0.145782,-0.156183,-0.166250,-0.176066,-0.187047,-0.196720,-0.204916,-0.209926,-0.220577,-0.229759,-0.236515,-0.242666,-0.245652,-0.246422,-0.249407,-0.249665,-0.244041,-0.238464,-0.229074,-0.219522,-0.212058,-0.204128,-0.191219,-0.181839,-0.170107,-0.157266,-0.146690,-0.132553
0.006164,0.005641,0.006956,0.004326,0.002007,0.002665,0.002160,0.002798,0.001987,0.000851,0.000011,-0.000376,-0.002990,-0.006775,-0.011822,-0.010528,-0.012815,-0.014728,-0.018945,-0.018169,-0.019708,-0.018671,-0.022760,-0.024683,-0.025372,-0.026042,-0.030433,-0.032159,-0.040047,-0.045233,-0.046552,-0.049125,-0.051352,-0.051990,-0.053518,-0.050723,-0.050798,-0.053933,-0.057853,-0.059795,-0.061704,-0.063804,-0.063062,-0.062720,-0.059606,-0.059295,-0.058086,-0.056391,-0.056048,-0.057947,-0.056795,-0.059787,-0.058570,-0.060512,-0.063414,-0.065096,-0.065278,-0.071853,-0.073719,-0.078596,-0.083706,-0.088844,-0.092814,-0.100374,-0.104829,-0.113252,-0.123346,-0.132780,-0.142738,-0.153485,-0.165798,-0.176936,-0.189415,-0.198618,-0.207428,-0.211763,-0.220525,-0.228841,-0.234283,-0.239741,-0.244506,-0.246357,-0.249953,-0.251088,-0.244445,-0.240821,-0.232286,-0.222326,-0.212794,-0.203476,-0.190834,-0.183384,-0.169869,-0.156559,-0.146546,-0.132256
0.007184,0.006889,0.006166,0.004299,0.001014,-0.000790,-0.001438,-0.000474,-0.002326,-0.001623,-0.001721,-0.001714,-0.002486,-0.005806,-0.009851,-0.008696,-0.010726,-0.014014,-0.017996,-0.019145,-0.020338,-0.019673,-0.022449,-0.025550,-0.025362,-0.027244,-0.031084,-0.033689,-0.039971,-0.046325,-0.048012,-0.051565,-0.053641,-0.054801,-0.056234,-0.055558,-0.057414,-0.060242,-0.063609,-0.065244,-0.067479,-0.068770,-0.067281,-0.064454,-0.062101,-0.061487,-0.059690,-0.056120,-0.055478,-0.057401,-0.056954,-0.058790,-0.057765,-0.060329,-0.064147,-0.066226,-0.065458,-0.071004,-0.073128,-0.077964,-0.081952,-0.086244,-0.091374,-0.100636,-0.105793,-0.114517,-0.124253,-0.133818,-0.143621,-0.153529,-0.164003,-0.175597,-0.186707,-0.194546,-0.204221,-0.209645,-0.218480,-0.227133,-0.232316,-0.238924,-0.246465,-0.247997,-0.251470,-0.253972,-0.248929,-0.246589,-0.237844,-0.226631,-0.216994,-0.208240,-0.194032,-0.184894,-0.171133,-0.157242,-0.146133,-0.132146
0.005668,0.003892,0.002822,0.002699,0.000759,-0.000284,-0.001102,-0.000603,-0.001794,-0.000097,-0.000892,-0.000110,-0.001642,-0.003606,-0.006926,-0.005986,-0.009900,-0.013929,-0.017514,-0.019911,-0.020976,-0.022931,-0.025097,-0.027700,-0.028170,-0.032455,-0.035423,-0.039493,-0.044228,-0.051387,-0.051907,-0.055282,-0.057181,-0.059011,-0.059218,-0.058805,-0.059142,-0.061890,-0.063481,-0.065228,-0.067144,-0.069653,-0.067487,-0.065315,-0.062935,-0.063377,-0.061474,-0.057311,-0.055579,-0.057022,-0.057982,-0.061912,-0.060802,-0.063663,-0.067500,-0.069158,-0.068153,-0.071492,-0.072553,-0.076522,-0.080811,-0.084882,-0.090153,-0.098452,-0.104670,-0.113217,-0.123328,-0.130901,-0.140175,-0.150868,-0.162262,-0.173642,-0.185605,-0.194468,-0.205011,-0.212628,-0.220737,-0.228434,-0.233321,-0.239018,-0.245456,-0.247219,-0.249758,-0.252317,-0.249218,-0.245422,-0.235644,-0.224799,-0.215296,-0.206170,-0.192264,-0.182659,-0.171012,-0.158423,-0.147429,-0.134138
0.006694,0.005180,0.002317,0.002939,0.001092,-0.001730,-0.003490,-0.001822,-0.004031,-0.001536,-0.003032,-0.001735,-0.004027,-0.004224,-0.008438,-0.007930,-0.012066,-0.015497,-0.018252,-0.019836,-0.021941,-0.024635,-0.025516,-0.028176,-0.029398,-0.034386,-0.036476,-0.040767,-0.044751,-0.052123,-0.053352,-0.056486,-0.059578,-0.063488,-0.064238,-0.063969,-0.065117,-0.068110,-0.070266,-0.070956,-0.072417,-0.073993,-0.072509,-0.070960,-0.068244,-0.067337,-0.066205,-0.061526,-0.059560,-0.061077,-0.061977,-0.064905,-0.064407,-0.064075,-0.068236,-0.069461,-0.067766,-0.071121,-0.072457,-0.074720,-0.080384,-0.084024,-0.091012,-0.100027,-0.105873,-0.114781,-0.125108,-0.132931,-0.140575,-0.150609,-0.161925,-0.172520,-0.183837,-0.192857,-0.203112,-0.212029,-0.219594,-0.226132,-0.229144,-0.234041,-0.241786,-0.245523,-0.247848,-0.248900,-0.246906,-0.245129,-0.237675,-0.226075,-0.215505,-0.206732,-0.194012,-0.182501,-0.171741,-0.158924,-0.146461,-0.132997
0.009210,0.007692,0.004930,0.003823,0.002600,-0.001112,-0.003826,-0.002466,-0.003857,-0.002280,-0.001925,-0.001085,-0.004038,-0.004387,-0.009843,-0.010430,-0.014332,-0.018499,-0.020872,-0.022134,-0.022892,-0.024226,-0.025500,-0.029365,-0.031726,-0.037031,-0.039348,-0.045203,-0.049081,-0.055156,-0.056102,-0.059633,-0.062911,-0.067089,-0.067625,-0.067721,-0.069198,-0.071597,-0.073165,-0.074384,-0.074851,-0.076312,-0.073225,-0.072570,-0.070587,-0.069672,-0.067775,-0.065482,-0.062085,-0.066095,-0.065556,-0.066849,-0.065488,-0.065387,-0.068061,-0.069238,-0.068753,-0.072177,-0.074926,-0.076777,-0.082032,-0.085859,-0.092999,-0.099898,-0.105905,-0.114714,-0.126329,-0.133840,-0.140424,-0.151090,-0.161387,-0.171916,-0.181110,-0.189309,-0.199127,-0.209094,-0.216163,-0.222836,-0.227238,-0.232728,-0.240974,-0.245070,-0.246628,-0.246965,-0.246165,-0.242237,-0.234296,-0.221749,-0.213207,-0.204051,-0.192848,-0.180120,-0.169166,-0.158018,-0.144642,-0.129601
0.010969,0.009924,0.007229,0.006157,0.004792,0.002237,-0.001514,-0.000617,-0.001705,-0.000460,-0.001786,-0.000947,-0.004174,-0.003694,-0.007811,-0.009699,-0.013858,-0.016480,-0.020614,-0.021826,-0.023858,-0.027302,-0.028964,-0.033709,-0.036887,-0.042730,-0.045453,-0.049452,-0.052070,-0.058001,-0.058677,-0.062507,-0.065072,-0.069215,-0.071474,-0.073080,-0.072792,-0.073902,-0.075777,-0.076700,-0.076211,-0.077615,-0.072971,-0.073327,-0.071096,-0.069512,-0.068782,-0.068162,-0.063921,-0.068511,-0.068789,-0.070839,-0.069900,-0.069035,-0.070536,-0.071080,-0.069207,-0.071230,-0.073517,-0.073332,-0.077203,-0.081724,-0.089382,-0.096421,-0.101856,-0.110665,-0.123630,-0.131880,-0.137883,-0.148981,-0.160008,-0.170447,-0.179908,-0.187621,-0.197080,-0.207723,-0.215787,-0.222774,-0.227126,-0.231785,-0.239375,-0.243569,-0.244454,-0.244180,-0.243390,-0.239941,-0.232879,-0.220994,-0.212520,-0.203496,-0.191918,-0.178104,-0.166993,-0.154659,-0.142120,-0.126611
0.010992,0.009547,0.007281,0.006559,0.005620,0.002247,-0.001430,-0.000399,-0.000855,0.000410,-0.002475,-0.001845,-0.005859,-0.004622,-0.007759,-0.008957,-0.013357,-0.015655,-0.018489,-0.019149,-0.023113,-0.027284,-0.028550,-0.034086,-0.037177,-0.044422,-0.046863,-0.051402,-0.052462,-0.060098,-0.059791,-0.064186,-0.067105,-0.070401,-0.073436,-0.077132,-0.076197,-0.077430,-0.077950,-0.077856,-0.078600,-0.077306,-0.072144,-0.073533,-0.072702,-0.070655,-0.070545,-0.069368,-0.065348,-0.069611,-0.068542,-0.068971,-0.068998,-0.067083,-0.069385,-0.070004,-0.068699,-0.071478,-0.073884,-0.073836,-0.076873,-0.080260,-0.088744,-0.095654,-0.100827,-0.111585,-0.124062,-0.133671,-0.139042,-0.150267,-0.159219,-0.168925,-0.175710,-0.182305,-0.191794,-0.204741,-0.210646,-0.219098,-0.223687,-0.228325,-0.235696,-0.238999,-0.238463,-0.240298,-0.239908,-0.237239,-0.230092,-0.218136,-0.209933,-0.200030,-0.187955,-0.173410,-0.161183,-0.150928,-0.139075,-0.123617
0.010510,0.011221,0.010167,0.010821,0.009460,0.005676,0.001738,0.001415,-0.000527,-0.001912,-0.004817,-0.003020,-0.006384,-0.005033,-0.007872,-0.010937,-0.013761,-0.016086,-0.019724,-0.021597,-0.026168,-0.030250,-0.029821,-0.036144,-0.039907,-0.046589,-0.048815,-0.052750,-0.053452,-0.060739,-0.061908,-0.064844,-0.068593,-0.071725,-0.074284,-0.079824,-0.079655,-0.079132,-0.081569,-0.080293,-0.082096,-0.080909,-0.074842,-0.076396,-0.077233,-0.074130,-0.074755,-0.072166,-0.068634,-0.073208,-0.072213,-0.071814,-0.073084,-0.070562,-0.073332,-0.073561,-0.071385,-0.073392,-0.075971,-0.074090,-0.078114,-0.081632,-0.089952,-0.096583,-0.102800,-0.112898,-0.125609,-0.135026,-0.139025,-0.148947,-0.156636,-0.165190,-0.171317,-0.177849,-0.185352,-0.197681,-0.203866,-0.211891,-0.216982,-0.221972,-0.228461,-0.231568,-0.232253,-0.234641,-0.235103,-0.230512,-0.222514,-0.211718,-0.204630,-0.194608,-0.183130,-0.168717,-0.159188,-0.150415,-0.138032,-0.123209
0.012610,0.014371,0.014779,0.015197,0.014006,0.012007,0.006888,0.005018,0.001506,-0.001468,-0.004939,-0.003981,-0.008829,-0.006993,-0.009662,-0.011503,-0.015480,-0.016594,-0.020842,-0.021284,-0.026142,-0.031128,-0.031119,-0.037526,-0.042005,-0.047565,-0.050229,-0.053791,-0.054152,-0.062511,-0.064198,-0.068216,-0.072616,-0.076512,-0.079880,-0.085325,-0.083439,-0.081863,-0.084086,-0.083695,-0.084631,-0.083080,-0.077893,-0.080236,-0.080735,-0.076479,-0.077445,-0.074938,-0.071817,-0.075751,-0.074921,-0.073907,-0.075458,-0.072323,-0.076552,-0.076678,-0.074923,-0.077810,-0.080415,-0.079268,-0.083265,-0.086426,-0.093839,-0.099110,-0.103810,-0.112863,-0.124206,-0.133056,-0.136446,-0.146422,-0.154423,-0.161829,-0.168635,-0.174091,-0.182062,-0.194445,-0.199796,-0.206998,-0.212178,-0.216594,-0.222370,-0.224412,-0.224508,-0.226629,-0.226761,-0.223045,-0.216242,-0.207209,-0.201004,-0.191369,-0.181004,-0.167299,-0.157690,-0.147678,-0.136139,-0.120265
0.012607,0.014285,0.016014,0.017209,0.014566,0.011775,0.007171,0.007037,0.003379,-0.000656,-0.005183,-0.003612,-0.006549,-0.005531,-0.009719,-0.011569,-0.014544,-0.014924,-0.019835,-0.022652,-0.029631,-0.033772,-0.035351,-0.042731,-0.046972,-0.051524,-0.053780,-0.055251,-0.055782,-0.062645,-0.064976,-0.070022,-0.074817,-0.078381,-0.082806,-0.088725,-0.088684,-0.087404,-0.089427,-0.088370,-0.089178,-0.088034,-0.083330,-0.084196,-0.085329,-0.081450,-0.082369,-0.080611,-0.076929,-0.080881,-0.079765,-0.076582,-0.077578,-0.075721,-0.079689,-0.079911,-0.078892,-0.082627,-0.084013,-0.082967,-0.084332,-0.086434,-0.091963,-0.095355,-0.099471,-0.109308,-0.118522,-0.129080,-0.133329,-0.143864,-0.151786,-0.159237,-0.163911,-0.169905,-0.177439,-0.187655,-0.192258,-0.199370,-0.203433,-0.209396,-0.215757,-0.217481,-0.219073,-0.221796,-0.220734,-0.218141,-0.212929,-0.204193,-0.197274,-0.187396,-0.176211,-0.164668,-0.154945,-0.143740,-0.131883,-0.117121
0.011498,0.012574,0.014585,0.016861,0.015542,0.013370,0.009802,0.007564,0.004117,-0.001183,-0.004438,-0.005135,-0.007745,-0.007177,-0.010260,-0.011703,-0.012711,-0.014602,-0.019663,-0.022218,-0.029869,-0.034287,-0.036319,-0.044356,-0.049226,-0.054645,-0.057749,-0.059107,-0.058835,-0.065430,-0.067666,-0.072668,-0.076630,-0.080503,-0.083842,-0.089828,-0.089803,-0.089867,-0.092348,-0.089359,-0.090518,-0.090276,-0.086459,-0.086985,-0.087176,-0.080994,-0.081903,-0.079681,-0.076492,-0.079980,-0.078265,-0.076974,-0.080042,-0.080250,-0.083302,-0.083350,-0.081940,-0.086190,-0.085359,-0.084237,-0.085150,-0.088375,-0.091802,-0.094692,-0.099015,-0.108553,-0.117309,-0.125536,-0.129901,-0.141361,-0.149530,-0.157466,-0.161814,-0.166399,-0.175018,-0.183895,-0.188063,-0.194507,-0.199075,-0.205551,-0.211455,-0.211458,-0.212212,-0.214091,-0.211558,-0.207040,-0.200348,-0.192119,-0.186058,-0.176058,-0.165854,-0.156127,-0.147974,-0.138329,-0.127594,-0.114853
0.010329,0.010668,0.012860,0.015135,0.014319,0.013577,0.011103,0.007537,0.004311,-0.001187,-0.005023,-0.005456,-0.007310,-0.006047,-0.007726,-0.009407,-0.011137,-0.013877,-0.019903,-0.022618,-0.031433,-0.037645,-0.038970,-0.045459,-0.049944,-0.054412,-0.059168,-0.059869,-0.059407,-0.067104,-0.069029,-0.073553,-0.078565,-0.082618,-0.087097,-0.092315,-0.091973,-0.094823,-0.096251,-0.092739,-0.094238,-0.093817,-0.091346,-0.091461,-0.089906,-0.084973,-0.086603,-0.082718,-0.079836,-0.082130,-0.081126,-0.079586,-0.082692,-0.081739,-0.084348,-0.083479,-0.080951,-0.084850,-0.082757,-0.082109,-0.083708,-0.087814,-0.092463,-0.095622,-0.099754,-0.109482,-0.117239,-0.123939,-0.127225,-0.136811,-0.145022,-0.153215,-0.158715,-0.161153,-0.169593,-0.177290,-0.181791,-0.187866,-0.189946,-0.194904,-0.200964,-0.202034,-0.204802,-0.207577,-0.205407,-0.202431,-0.196642,-0.191219,-0.184750,-0.173979,-0.162482,-0.153295,-0.144828,-0.135453,-0.125458,-0.113601
0.009771,0.008425,0.009193,0.011283,0.011501,0.009659,0.007351,0.003954,0.002028,-0.002325,-0.004667,-0.005424,-0.006552,-0.006015,-0.008742,-0.010524,-0.012706,-0.016462,-0.020048,-0.023142,-0.030947,-0.036039,-0.037859,-0.043572,-0.047505,-0.054479,-0.058618,-0.060431,-0.061569,-0.068142,-0.070451,-0.075367,-0.079285,-0.084343,-0.087817,-0.091792,-0.094917,-0.097232,-0.098813,-0.095733,-0.096929,-0.097688,-0.097684,-0.095582,-0.096207,-0.091438,-0.091301,-0.087127,-0.084149,-0.083061,-0.081881,-0.078912,-0.081553,-0.081753,-0.083906,-0.084357,-0.082946,-0.086374,-0.082928,-0.082898,-0.084139,-0.088500,-0.090604,-0.092959,-0.097585,-0.108156,-0.115666,-0.121411,-0.124570,-0.133675,-0.141061,-0.148290,-0.153272,-0.154067,-0.162812,-0.168784,-0.172765,-0.177972,-0.179118,-0.183439,-0.190738,-0.192108,-0.195061,-0.196984,-0.195581,-0.193387,-0.187756,-0.182256,-0.175510,-0.165953,-0.155414,-0.146813,-0.139740,-0.133041,-0.122321,-0.111087
0.014591,0.011930,0.012316,0.012254,0.013116,0.010226,0.007807,0.004726,0.002552,-0.001142,-0.001017,-0.002693,-0.002424,-0.003138,-0.006769,-0.009809,-0.011893,-0.017024,-0.021099,-0.026186,-0.032629,-0.038644,-0.041250,-0.046248,-0.048945,-0.055720,-0.059960,-0.062400,-0.063756,-0.068991,-0.073468,-0.078904,-0.081208,-0.086219,-0.088954,-0.092734,-0.095619,-0.098087,-0.099551,-0.098247,-0.099005,-0.100225,-0.100863,-0.098925,-0.097938,-0.093450,-0.092987,-0.089346,-0.088154,-0.085154,-0.084890,-0.082931,-0.085899,-0.086323,-0.087736,-0.088021,-0.087767,-0.089705,-0.085969,-0.085684,-0.086155,-0.090275,-0.090992,-0.092522,-0.095848,-0.104669,-0.112410,-0.116650,-0.120715,-0.127761,-0.136145,-0.143930,-0.148974,-0.149462,-0.158242,-0.162780,-0.168649,-0.172061,-0.172996,-0.176987,-0.183896,-0.185712,-0.188881,-0.188656,-0.186235,-0.184058,-0.179492,-0.174282,-0.168475,-0.159012,-0.148280,-0.141761,-0.134526,-0.127613,-0.115751,-0.104109
0.015940,0.012745,0.013093,0.012176,0.013947,0.010208,0.009016,0.007479,0.006713,0.004440,0.004710,0.001032,0.001517,-0.000252,-0.003288,-0.006401,-0.009986,-0.014700,-0.018081,-0.023773,-0.030529,-0.037502,-0.041683,-0.045212,-0.049161,-0.056370,-0.060278,-0.063311,-0.065379,-0.071715,-0.076493,-0.081436,-0.084061,-0.089339,-0.092558,-0.096564,-0.097928,-0.101537,-0.103245,-0.102822,-0.102169,-0.102864,-0.104528,-0.101513,-0.100130,-0.095526,-0.094253,-0.091636,-0.090320,-0.085782,-0.086243,-0.084340,-0.086277,-0.086892,-0.087773,-0.087850,-0.087811,-0.090072,-0.085754,-0.085642,-0.084742,-0.088828,-0.089089,-0.091026,-0.094676,-0.103220,-0.110499,-0.115117,-0.119403,-0.126106,-0.134604,-0.140690,-0.145655,-0.146768,-0.154994,-0.160409,-0.166457,-0.168952,-0.169467,-0.172906,-0.180056,-0.182111,-0.182888,-0.181344,-0.178745,-0.177158,-0.173876,-0.168222,-0.163346,-0.154799,-0.145599,-0.139207,-0.131704,-0.123438,-0.110719,-0.098471
0.015540,0.010501,0.010501,0.008911,0.010364,0.006253,0.006513,0.006829,0.007952,0.007031,0.005605,0.003182,0.004034,0.001008,-0.002706,-0.006283,-0.010784,-0.015165,-0.019603,-0.026054,-0.032999,-0.039434,-0.043628,-0.046564,-0.050770,-0.058445,-0.061085,-0.064933,-0.068769,-0.074437,-0.078365,-0.081033,-0.082165,-0.088771,-0.091102,-0.094524,-0.097773,-0.102055,-0.103826,-0.103576,-0.103207,-0.105586,-0.105599,-0.102693,-0.101289,-0.098692,-0.096784,-0.094055,-0.091521,-0.088904,-0.088363,-0.088022,-0.090032,-0.090926,-0.089826,-0.089660,-0.089327,-0.091382,-0.086181,-0.084297,-0.082771,-0.086425,-0.086311,-0.087836,-0.091921,-0.099394,-0.107464,-0.113352,-0.117915,-0.123354,-0.130898,-0.136608,-0.141265,-0.143859,-0.150914,-0.155523,-0.161716,-0.165124,-0.164988,-0.168149,-0.172826,-0.173691,-0.174647,-0.173261,-0.169266,-0.165989,-0.162280,-0.156914,-0.152962,-0.143525,-0.134040,-0.129642,-0.122717,-0.116192,-0.104497,-0.093642
0.020607,0.016700,0.016023,0.011742,0.013656,0.009012,0.007853,0.005992,0.005911,0.006070,0.006294,0.003613,0.003460,-0.000238,-0.003828,-0.007835,-0.013494,-0.017817,-0.021861,-0.026317,-0.031376,-0.037607,-0.040672,-0.043047,-0.047305,-0.056067,-0.060079,-0.063627,-0.068660,-0.075260,-0.079539,-0.083117,-0.082505,-0.088423,-0.092348,-0.094425,-0.097143,-0.102368,-0.103550,-0.105860,-0.106712,-0.106766,-0.107236,-0.103713,-0.100891,-0.097563,-0.094235,-0.091380,-0.090315,-0.086868,-0.087740,-0.088120,-0.090483,-0.090792,-0.089223,-0.089022,-0.088257,-0.088756,-0.083544,-0.081990,-0.081886,-0.085831,-0.087458,-0.090386,-0.094642,-0.102736,-0.110324,-0.114516,-0.117564,-0.121369,-0.128500,-0.132995,-0.136015,-0.137439,-0.143853,-0.147734,-0.152974,-0.156345,-0.157097,-0.159675,-0.163821,-0.164229,-0.165829,-0.163959,-0.159616,-0.156257,-0.152043,-0.147250,-0.144082,-0.135349,-0.127298,-0.122148,-0.114768,-0.110087,-0.098529,-0.087261
0.022383,0.020230,0.020370,0.013477,0.013426,0.007268,0.005236,0.004385,0.003657,0.003161,0.003686,0.002735,0.005175,0.001589,-0.002678,-0.006811,-0.013677,-0.017786,-0.022385,-0.028699,-0.032361,-0.037500,-0.039300,-0.040939,-0.045096,-0.053310,-0.057180,-0.061936,-0.067708,-0.075677,-0.080109,-0.083480,-0.082036,-0.087549,-0.092262,-0.095932,-0.098537,-0.102798,-0.103179,-0.107256,-0.107451,-0.106657,-0.106001,-0.102953,-0.100615,-0.099769,-0.096250,-0.093514,-0.091923,-0.087339,-0.087320,-0.086577,-0.086192,-0.086769,-0.085936,-0.087540,-0.087691,-0.087469,-0.083367,-0.082953,-0.082542,-0.086690,-0.088701,-0.091112,-0.094657,-0.101814,-0.108131,-0.113561,-0.115398,-0.117266,-0.124336,-0.129013,-0.132700,-0.136061,-0.140245,-0.143011,-0.147795,-0.150246,-0.151519,-0.152547,-0.154586,-0.156420,-0.158737,-0.157941,-0.155168,-0.151036,-0.148200,-0.145148,-0.141124,-0.132686,-0.125481,-0.120051,-0.111934,-0.105969,-0.093755,-0.081958
0.023458,0.022716,0.023855,0.018735,0.017533,0.009938,0.008978,0.009173,0.006776,0.006556,0.006021,0.003792,0.006122,0.001418,-0.002211,-0.005306,-0.011427,-0.014650,-0.018150,-0.024424,-0.027980,-0.034087,-0.035697,-0.038940,-0.042692,-0.050419,-0.054704,-0.058012,-0.062966,-0.072586,-0.078036,-0.081317,-0.080135,-0.084516,-0.090330,-0.095816,-0.097027,-0.098315,-0.101049,-0.105810,-0.105577,-0.104217,-0.103374,-0.100238,-0.099468,-0.098523,-0.093373,-0.092093,-0.090175,-0.085256,-0.085220,-0.085668,-0.085288,-0.087510,-0.086640,-0.090345,-0.091324,-0.091515,-0.087634,-0.086325,-0.086957,-0.089155,-0.089206,-0.091082,-0.094404,-0.101032,-0.106047,-0.109236,-0.111993,-0.114560,-0.121072,-0.125137,-0.128251,-0.133395,-0.137667,-0.140733,-0.143153,-0.145133,-0.147517,-0.147799,-0.148546,-0.149164,-0.150377,-0.149621,-0.145960,-0.140755,-0.138040,-0.133237,-0.128789,-0.121951,-0.116658,-0.113029,-0.106082,-0.099284,-0.087851,-0.079171
0.025635,0.025256,0.026040,0.021393,0.019166,0.013312,0.011192,0.011432,0.006881,0.006428,0.005690,0.004480,0.005059,0.000447,-0.002965,-0.004791,-0.010249,-0.013814,-0.018606,-0.024548,-0.027405,-0.033046,-0.034673,-0.038538,-0.041922,-0.047561,-0.052878,-0.056130,-0.061201,-0.071453,-0.077291,-0.081181,-0.080792,-0.084513,-0.090298,-0.095974,-0.096093,-0.098321,-0.100377,-0.106146,-0.105227,-0.103974,-0.101564,-0.098289,-0.096011,-0.094559,-0.088028,-0.087089,-0.084625,-0.081545,-0.081864,-0.082074,-0.081829,-0.085033,-0.084059,-0.087263,-0.088091,-0.089383,-0.086780,-0.086627,-0.088905,-0.090974,-0.092404,-0.094337,-0.096590,-0.102723,-0.105825,-0.107132,-0.109568,-0.110499,-0.116375,-0.120748,-0.122860,-0.128242,-0.130974,-0.133658,-0.136435,-0.139104,-0.141354,-0.142802,-0.143136,-0.143714,-0.144899,-0.144728,-0.140094,-0.134187,-0.130518,-0.126627,-0.123565,-0.117400,-0.111434,-0.107652,-0.100826,-0.093828,-0.083418,-0.074649
0.023716,0.024820,0.025456,0.023835,0.021122,0.015800,0.014187,0.013773,0.007950,0.007380,0.004361,0.003473,0.003771,0.000444,-0.002559,-0.003248,-0.008921,-0.011281,-0.016119,-0.021573,-0.024751,-0.029458,-0.031592,-0.036456,-0.040397,-0.046835,-0.052335,-0.056476,-0.062427,-0.073157,-0.077292,-0.081484,-0.082504,-0.086325,-0.091449,-0.095855,-0.096236,-0.097975,-0.100179,-0.103188,-0.101481,-0.101345,-0.099877,-0.095156,-0.093725,-0.092550,-0.086635,-0.086470,-0.082530,-0.080961,-0.082328,-0.083580,-0.083206,-0.086388,-0.085862,-0.089179,-0.088571,-0.090258,-0.086071,-0.084207,-0.087079,-0.089268,-0.091033,-0.094149,-0.096331,-0.101067,-0.103361,-0.105725,-0.107277,-0.108158,-0.112527,-0.114988,-0.119417,-0.125138,-0.126490,-0.128955,-0.132435,-0.134668,-0.137325,-0.137666,-0.138101,-0.138306,-0.139155,-0.137477,-0.134507,-0.128165,-0.124666,-0.122920,-0.118682,-0.113851,-0.109349,-0.104341,-0.099867,-0.092869,-0.082034,-0.075344
0.026310,0.025849,0.023629,0.022265,0.018051,0.015756,0.012537,0.010816,0.005883,0.005602,0.002456,0.002606,0.001319,-0.001554,-0.004458,-0.005673,-0.010425,-0.012555,-0.016584,-0.021795,-0.024820,-0.028954,-0.030152,-0.035301,-0.038831,-0.046519,-0.052594,-0.056275,-0.062148,-0.072566,-0.076844,-0.081263,-0.081508,-0.084496,-0.088514,-0.092491,-0.093116,-0.093985,-0.096105,-0.097891,-0.096430,-0.096320,-0.094551,-0.091274,-0.089723,-0.087282,-0.081564,-0.082201,-0.079888,-0.079009,-0.079962,-0.082477,-0.084252,-0.087334,-0.086560,-0.088363,-0.087179,-0.087007,-0.082012,-0.080806,-0.084730,-0.087410,-0.090370,-0.093452,-0.095198,-0.100086,-0.101268,-0.102653,-0.103053,-0.104286,-0.108110,-0.111291,-0.114870,-0.119475,-0.122396,-0.123902,-0.126572,-0.129465,-0.132063,-0.133368,-0.133575,-0.132127,-0.133980,-0.132218,-0.129713,-0.124419,-0.119170,-0.118101,-0.113939,-0.108719,-0.103093,-0.095882,-0.091362,-0.085767,-0.077125,-0.071152
0.027253,0.027129,0.024512,0.024141,0.020107,0.018682,0.014555,0.010315,0.004765,0.004674,0.003159,0.003676,0.002323,0.000730,-0.002083,-0.002732,-0.007639,-0.010984,-0.014841,-0.019878,-0.022006,-0.025283,-0.026313,-0.032465,-0.036556,-0.043749,-0.051507,-0.056954,-0.062382,-0.074054,-0.077598,-0.081983,-0.083225,-0.083726,-0.086968,-0.090752,-0.090892,-0.092039,-0.094424,-0.094958,-0.094516,-0.092789,-0.092739,-0.088818,-0.086709,-0.083123,-0.078440,-0.078738,-0.078618,-0.075262,-0.076775,-0.078360,-0.079943,-0.083210,-0.083626,-0.084337,-0.083812,-0.083602,-0.080388,-0.079697,-0.082860,-0.084994,-0.088722,-0.091579,-0.093276,-0.097686,-0.098237,-0.099378,-0.099149,-0.100721,-0.104698,-0.107327,-0.110402,-0.114724,-0.117083,-0.118195,-0.120411,-0.123119,-0.126480,-0.126100,-0.126340,-0.125538,-0.128723,-0.126381,-0.124707,-0.119474,-0.116032,-0.115423,-0.112446,-0.107475,-0.102265,-0.094257,-0.090542,-0.085133,-0.077220,-0.070288
0.025129,0.026119,0.022378,0.021686,0.018645,0.019102,0.016322,0.012751,0.006778,0.006848,0.004589,0.004612,0.002565,0.001266,-0.000983,-0.000898,-0.005273,-0.009566,-0.014050,-0.017918,-0.019979,-0.023358,-0.024415,-0.030802,-0.033910,-0.040119,-0.047911,-0.054219,-0.057911,-0.068577,-0.071031,-0.073408,-0.075735,-0.078339,-0.080533,-0.084502,-0.085682,-0.086195,-0.090905,-0.089168,-0.087501,-0.086868,-0.087672,-0.084837,-0.085253,-0.080973,-0.078147,-0.078810,-0.078183,-0.075744,-0.075416,-0.075334,-0.076651,-0.079179,-0.078687,-0.079288,-0.077462,-0.078195,-0.077094,-0.077029,-0.080527,-0.083701,-0.085761,-0.089476,-0.091844,-0.093893,-0.094297,-0.095121,-0.095336,-0.098219,-0.101473,-0.103768,-0.108198,-0.111616,-0.114107,-0.114815,-0.117576,-0.119723,-0.122637,-0.121152,-0.122511,-0.122611,-0.125915,-0.122941,-0.121365,-0.116527,-0.113604,-0.112809,-0.108817,-0.103347,-0.098561,-0.090957,-0.086551,-0.081594,-0.074737,-0.069877
0.023688,0.023647,0.021239,0.022749,0.020412,0.022827,0.019465,0.016560,0.012842,0.011879,0.010725,0.009861,0.005164,0.003576,0.001240,-0.000574,-0.003970,-0.008457,-0.011327,-0.014098,-0.015997,-0.019801,-0.021602,-0.028155,-0.031986,-0.038776,-0.045731,-0.051647,-0.056441,-0.065013,-0.067421,-0.069954,-0.073553,-0.075494,-0.076885,-0.079143,-0.081091,-0.081758,-0.085741,-0.084172,-0.081929,-0.082727,-0.083955,-0.080556,-0.080639,-0.078272,-0.074820,-0.077436,-0.075953,-0.074381,-0.075121,-0.074458,-0.075542,-0.077206,-0.075906,-0.075486,-0.072551,-0.072717,-0.071582,-0.070867,-0.075691,-0.078906,-0.081317,-0.086032,-0.088994,-0.092587,-0.094232,-0.094060,-0.093711,-0.096705,-0.098924,-0.101124,-0.104049,-0.105224,-0.108360,-0.110202,-0.112242,-0.115440,-0.118503,-0.116992,-0.119147,-0.118734,-0.121705,-0.120003,-0.118594,-0.113722,-0.111174,-0.109349,-0.105565,-0.100784,-0.095274,-0.088181,-0.085411,-0.080745,-0.075840,-0.070831
0.024716,0.024623,0.020562,0.022362,0.020960,0.024820,0.020071,0.017333,0.013854,0.013181,0.012266,0.011870,0.005305,0.005064,0.002372,0.000894,-0.002280,-0.006915,-0.009698,-0.010547,-0.013071,-0.016148,-0.019373,-0.025451,-0.029488,-0.036589,-0.042479,-0.050117,-0.055489,-0.062023,-0.063365,-0.065149,-0.069069,-0.073401,-0.072123,-0.073463,-0.075975,-0.078076,-0.081449,-0.080134,-0.078437,-0.079971,-0.081064,-0.078373,-0.078304,-0.076080,-0.074054,-0.074329,-0.072886,-0.072668,-0.072863,-0.072552,-0.073365,-0.073787,-0.073327,-0.072948,-0.067589,-0.067800,-0.067226,-0.066865,-0.068994,-0.074083,-0.076269,-0.083977,-0.085442,-0.087889,-0.089631,-0.092610,-0.090323,-0.092809,-0.093133,-0.096759,-0.099252,-0.101458,-0.103557,-0.106094,-0.109802,-0.112944,-0.114513,-0.114189,-0.115796,-0.115987,-0.118111,-0.115423,-0.115032,-0.111229,-0.108217,-0.107973,-0.104799,-0.099539,-0.094134,-0.085584,-0.084191,-0.079774,-0.073859,-0.066976
0.023153,0.023252,0.019883,0.021338,0.019788,0.022546,0.020712,0.018902,0.017824,0.016406,0.014844,0.015311,0.010977,0.010713,0.007076,0.004577,0.001553,-0.002302,-0.007227,-0.008713,-0.012000,-0.014409,-0.017362,-0.023621,-0.028400,-0.033417,-0.039152,-0.048115,-0.053748,-0.060434,-0.060398,-0.061413,-0.066132,-0.069255,-0.067637,-0.067868,-0.070201,-0.071681,-0.075449,-0.071803,-0.070747,-0.071148,-0.074548,-0.072870,-0.074538,-0.073018,-0.073317,-0.073638,-0.073525,-0.072832,-0.071547,-0.070640,-0.070434,-0.070473,-0.071354,-0.070766,-0.065021,-0.065553,-0.066055,-0.065070,-0.066316,-0.069542,-0.071090,-0.078641,-0.080314,-0.081680,-0.084472,-0.088741,-0.088326,-0.091485,-0.092021,-0.095021,-0.097886,-0.100638,-0.102554,-0.104477,-0.106863,-0.110064,-0.112717,-0.111831,-0.112805,-0.112751,-0.114167,-0.112534,-0.112035,-0.107653,-0.105991,-0.105222,-0.102515,-0.097511,-0.093073,-0.084561,-0.083073,-0.077921,-0.072594,-0.066625
0.022708,0.021687,0.018891,0.018381,0.016254,0.019806,0.017711,0.015499,0.016542,0.015188,0.014660,0.015098,0.011349,0.011094,0.007851,0.005200,0.002075,-0.001214,-0.004679,-0.006655,-0.009386,-0.011448,-0.014274,-0.020082,-0.025235,-0.028861,-0.033915,-0.042604,-0.048416,-0.053501,-0.054100,-0.055008,-0.060416,-0.063619,-0.061708,-0.061778,-0.065019,-0.065419,-0.069337,-0.067409,-0.066700,-0.066613,-0.069771,-0.069022,-0.070902,-0.069093,-0.068359,-0.069580,-0.070574,-0.069027,-0.065505,-0.064015,-0.062101,-0.062728,-0.061813,-0.061387,-0.056955,-0.058374,-0.059742,-0.061740,-0.062836,-0.066056,-0.067785,-0.073661,-0.076190,-0.079273,-0.080782,-0.084630,-0.084821,-0.087364,-0.088616,-0.093555,-0.095101,-0.098881,-0.100453,-0.101578,-0.103456,-0.106768,-0.109164,-0.109490,-0.109761,-0.110684,-0.113558,-0.113086,-0.112568,-0.107923,-0.104934,-0.103905,-0.099949,-0.094065,-0.089709,-0.081595,-0.078359,-0.073856,-0.069446,-0.064816
0.018452,0.018454,0.018156,0.018293,0.018175,0.020222,0.020361,0.017709,0.018069,0.016424,0.015541,0.016238,0.014530,0.014009,0.011241,0.010413,0.008257,0.004750,-0.000344,-0.002845,-0.005213,-0.006990,-0.010986,-0.017990,-0.023100,-0.024837,-0.028492,-0.037422,-0.042926,-0.047176,-0.046748,-0.047561,-0.052186,-0.055003,-0.054426,-0.053804,-0.057363,-0.057348,-0.060234,-0.060537,-0.060648,-0.059546,-0.063938,-0.063663,-0.065881,-0.065988,-0.065432,-0.066759,-0.066107,-0.063977,-0.060253,-0.057628,-0.054471,-0.054218,-0.053529,-0.055261,-0.052168,-0.055255,-0.058629,-0.060399,-0.062484,-0.065346,-0.066433,-0.072559,-0.074575,-0.078725,-0.081232,-0.084614,-0.084833,-0.088208,-0.088841,-0.093304,-0.093911,-0.097739,-0.097194,-0.099356,-0.100287,-0.102105,-0.105077,-0.104090,-0.103517,-0.107172,-0.108216,-0.108804,-0.107973,-0.103274,-0.102305,-0.101073,-0.096241,-0.091775,-0.087553,-0.083047,-0.078950,-0.074644,-0.070936,-0.067475
0.018179,0.019231,0.018282,0.018072,0.017560,0.019106,0.019615,0.018380,0.018203,0.017507,0.017110,0.019104,0.017098,0.015765,0.012858,0.011611,0.011002,0.007766,0.001919,-0.000008,-0.003111,-0.005094,-0.008539,-0.014596,-0.018719,-0.019508,-0.021696,-0.027316,-0.032764,-0.035485,-0.037180,-0.040200,-0.045940,-0.050106,-0.050628,-0.049356,-0.053609,-0.053015,-0.054375,-0.053996,-0.053336,-0.053153,-0.057673,-0.057329,-0.059061,-0.059410,-0.060216,-0.061911,-0.059315,-0.058985,-0.055084,-0.052882,-0.049990,-0.047514,-0.046802,-0.050280,-0.045258,-0.048199,-0.051216,-0.053512,-0.057912,-0.060908,-0.061016,-0.067948,-0.070126,-0.074267,-0.076497,-0.078098,-0.079076,-0.083498,-0.084352,-0.088402,-0.090430,-0.094290,-0.094358,-0.097514,-0.098341,-0.099562,-0.101616,-0.101259,-0.101237,-0.105105,-0.103979,-0.104010,-0.102924,-0.100106,-0.098096,-0.096895,-0.090002,-0.086416,-0.083421,-0.079745,-0.075002,-0.071153,-0.066876,-0.065627
0.017560,0.017624,0.018859,0.018151,0.017186,0.018715,0.019953,0.018313,0.019593,0.018542,0.019683,0.021950,0.019205,0.018474,0.016458,0.014987,0.014904,0.011971,0.005393,0.003146,0.000006,-0.002183,-0.006410,-0.012362,-0.017360,-0.017088,-0.017472,-0.023643,-0.029350,-0.031527,-0.034021,-0.037577,-0.043820,-0.048292,-0.047799,-0.048359,-0.051192,-0.050363,-0.050807,-0.050765,-0.050698,-0.050651,-0.053657,-0.053017,-0.053174,-0.053711,-0.053797,-0.054250,-0.052332,-0.051128,-0.048477,-0.047852,-0.045453,-0.043344,-0.043383,-0.047179,-0.043249,-0.046307,-0.048755,-0.049784,-0.054617,-0.057298,-0.057790,-0.064281,-0.065814,-0.070300,-0.074379,-0.076701,-0.077430,-0.081518,-0.082652,-0.086917,-0.089256,-0.092865,-0.091333,-0.095066,-0.094759,-0.095247,-0.097662,-0.097738,-0.096444,-0.099830,-0.098293,-0.100015,-0.099998,-0.097755,-0.095572,-0.094220,-0.089052,-0.085433,-0.082427,-0.079929,-0.074594,-0.069879,-0.066090,-0.064532
0.017237,0.018599,0.017207,0.015694,0.015492,0.015862,0.018822,0.018386,0.018355,0.019793,0.020579,0.022092,0.021066,0.020374,0.018025,0.018482,0.017608,0.014820,0.008537,0.005715,0.001420,-0.000767,-0.005341,-0.011586,-0.016314,-0.016302,-0.016831,-0.021402,-0.026170,-0.028634,-0.028616,-0.031944,-0.036950,-0.041160,-0.042381,-0.044190,-0.046515,-0.047017,-0.048713,-0.048282,-0.049690,-0.047547,-0.049043,-0.049068,-0.050357,-0.048979,-0.049385,-0.048900,-0.048752,-0.049224,-0.047364,-0.046631,-0.044814,-0.043283,-0.043306,-0.046472,-0.041333,-0.044748,-0.047619,-0.048778,-0.051600,-0.053792,-0.054654,-0.061487,-0.061872,-0.065079,-0.068834,-0.072714,-0.075583,-0.078219,-0.078427,-0.081567,-0.084512,-0.089018,-0.087195,-0.089971,-0.091950,-0.093317,-0.095296,-0.095097,-0.093743,-0.096247,-0.094714,-0.094633,-0.093818,-0.093191,-0.092036,-0.090550,-0.087126,-0.082473,-0.080821,-0.078196,-0.071893,-0.067249,-0.062407,-0.061741
0.015818,0.016648,0.017082,0.014596,0.014588,0.015480,0.019502,0.019365,0.019701,0.020142,0.021981,0.023377,0.023244,0.021603,0.018644,0.019513,0.018998,0.016573,0.011445,0.008017,0.005273,0.004451,0.000243,-0.005429,-0.010946,-0.012323,-0.012414,-0.016888,-0.021726,-0.024558,-0.025031,-0.028227,-0.032094,-0.034967,-0.038153,-0.040258,-0.041537,-0.041298,-0.041639,-0.040456,-0.042485,-0.039624,-0.040405,-0.042184,-0.042451,-0.041656,-0.041616,-0.041203,-0.041274,-0.041462,-0.041015,-0.040846,-0.039945,-0.039193,-0.038835,-0.041635,-0.039145,-0.039939,-0.044093,-0.045719,-0.049859,-0.052869,-0.054890,-0.059353,-0.060788,-0.064000,-0.066712,-0.070490,-0.074283,-0.075895,-0.077366,-0.079910,-0.082474,-0.086788,-0.084787,-0.085651,-0.086882,-0.089431,-0.092191,-0.092804,-0.091460,-0.093897,-0.092392,-0.092599,-0.090118,-0.089219,-0.088216,-0.086634,-0.081883,-0.078397,-0.076478,-0.075277,-0.068832,-0.064377,-0.061139,-0.061669
0.019542,0.021315,0.021871,0.019224,0.019272,0.020612,0.022017,0.019662,0.018878,0.019452,0.021970,0.023565,0.023076,0.021623,0.019680,0.021194,0.020299,0.017674,0.014121,0.009765,0.007561,0.007233,0.002562,-0.001349,-0.006270,-0.008603,-0.007222,-0.010609,-0.014272,-0.017360,-0.019678,-0.022126,-0.026230,-0.030388,-0.033844,-0.038124,-0.037798,-0.037894,-0.038366,-0.038093,-0.039360,-0.037522,-0.036598,-0.039237,-0.038484,-0.037532,-0.036164,-0.035887,-0.034238,-0.034234,-0.034541,-0.035240,-0.035389,-0.034703,-0.033500,-0.036688,-0.034926,-0.034678,-0.037738,-0.039949,-0.044042,-0.048982,-0.051530,-0.056594,-0.058274,-0.061696,-0.062813,-0.067024,-0.069069,-0.071335,-0.072846,-0.076055,-0.078479,-0.083865,-0.081891,-0.083886,-0.085412,-0.086455,-0.087979,-0.088704,-0.087442,-0.091307,-0.090140,-0.088356,-0.087814,-0.087073,-0.086319,-0.083963,-0.076728,-0.072001,-0.071456,-0.069626,-0.063978,-0.059813,-0.056896,-0.057121
0.019582,0.023901,0.024631,0.022902,0.022919,0.023809,0.026335,0.025069,0.022572,0.022229,0.024047,0.026353,0.025344,0.024358,0.020924,0.022069,0.023074,0.020823,0.016495,0.012746,0.009615,0.009974,0.006444,0.002264,-0.002118,-0.005044,-0.002668,-0.004894,-0.007916,-0.010616,-0.013150,-0.013958,-0.016904,-0.020250,-0.024849,-0.029182,-0.029746,-0.030803,-0.032854,-0.032332,-0.033819,-0.032605,-0.031027,-0.033398,-0.032150,-0.031415,-0.031206,-0.030261,-0.027692,-0.029451,-0.030267,-0.031322,-0.033110,-0.031913,-0.032531,-0.035965,-0.033195,-0.032466,-0.035020,-0.034736,-0.038160,-0.043365,-0.045891,-0.052172,-0.055297,-0.058929,-0.061673,-0.065863,-0.067823,-0.070757,-0.072191,-0.073132,-0.074919,-0.077984,-0.077660,-0.080335,-0.081163,-0.081740,-0.083314,-0.083612,-0.083381,-0.085624,-0.083772,-0.082316,-0.081676,-0.080544,-0.081252,-0.078571,-0.073334,-0.068164,-0.068338,-0.066623,-0.062963,-0.057933,-0.055973,-0.054991
0.025854,0.029580,0.029161,0.028247,0.027918,0.027425,0.028325,0.027058,0.025461,0.024044,0.025474,0.026285,0.024516,0.023442,0.019006,0.019959,0.021159,0.019184,0.016406,0.013363,0.010966,0.011026,0.008071,0.004474,0.000370,-0.003262,-0.001232,-0.002139,-0.003728,-0.006303,-0.008563,-0.008933,-0.011493,-0.015749,-0.019958,-0.024747,-0.024931,-0.027272,-0.029530,-0.027880,-0.027795,-0.028448,-0.025682,-0.027946,-0.026740,-0.025805,-0.025950,-0.025497,-0.022369,-0.025171,-0.027102,-0.027922,-0.029840,-0.029563,-0.029630,-0.033725,-0.031562,-0.029689,-0.032601,-0.032945,-0.036251,-0.041542,-0.043399,-0.048657,-0.052023,-0.053893,-0.055745,-0.059378,-0.061592,-0.063885,-0.065109,-0.066895,-0.069823,-0.073158,-0.074081,-0.075930,-0.078715,-0.081162,-0.082338,-0.082393,-0.082749,-0.083025,-0.081643,-0.078505,-0.078864,-0.077607,-0.077548,-0.074863,-0.069827,-0.064452,-0.065329,-0.059449,-0.056734,-0.052042,-0.048293,-0.047054
0.030482,0.033888,0.034479,0.033491,0.034261,0.032906,0.031830,0.030011,0.029369,0.025589,0.026231,0.024040,0.023154,0.021698,0.019051,0.018486,0.019601,0.018901,0.019330,0.015731,0.014117,0.014379,0.011701,0.009113,0.004920,0.000538,0.002946,0.002037,0.000430,-0.002628,-0.004137,-0.002694,-0.004897,-0.007642,-0.011406,-0.017733,-0.015910,-0.018916,-0.022134,-0.020362,-0.020666,-0.020978,-0.016220,-0.019127,-0.019381,-0.019849,-0.019674,-0.020130,-0.018144,-0.021223,-0.024496,-0.025537,-0.026967,-0.029079,-0.029492,-0.033077,-0.033092,-0.031731,-0.033837,-0.034603,-0.037043,-0.042111,-0.045386,-0.050646,-0.052803,-0.054525,-0.056476,-0.060824,-0.064256,-0.065153,-0.065392,-0.068262,-0.070737,-0.073043,-0.073619,-0.073398,-0.075981,-0.077029,-0.078265,-0.078771,-0.080116,-0.078383,-0.078360,-0.076158,-0.077711,-0.076001,-0.075082,-0.071882,-0.068643,-0.062758,-0.062214,-0.055197,-0.051961,-0.047666,-0.043489,-0.039763
0.031942,0.035386,0.034775,0.034685,0.035603,0.034855,0.034431,0.032904,0.032436,0.027864,0.028305,0.026398,0.024260,0.020837,0.016722,0.016031,0.017678,0.017464,0.019554,0.015821,0.014885,0.016358,0.014126,0.012855,0.009112,0.004870,0.006629,0.008606,0.007612,0.004910,0.002564,0.004043,0.002184,0.002610,-0.002744,-0.008039,-0.006939,-0.009490,-0.013472,-0.012907,-0.013373,-0.013220,-0.009425,-0.013622,-0.013953,-0.014393,-0.013796,-0.015499,-0.013694,-0.016759,-0.018511,-0.019418,-0.020360,-0.023285,-0.024196,-0.029196,-0.029323,-0.029237,-0.031956,-0.033604,-0.036041,-0.040853,-0.043896,-0.049764,-0.050928,-0.051477,-0.052868,-0.056294,-0.059559,-0.060409,-0.060072,-0.063452,-0.066178,-0.069169,-0.070924,-0.069298,-0.072434,-0.074504,-0.074947,-0.075200,-0.075460,-0.072889,-0.073851,-0.070192,-0.071316,-0.069487,-0.068784,-0.066076,-0.062806,-0.058594,-0.058498,-0.050064,-0.047378,-0.044120,-0.040287,-0.036897
0.034322,0.037066,0.037290,0.037396,0.037618,0.038731,0.037410,0.034577,0.033423,0.028831,0.028499,0.026734,0.023536,0.020539,0.016061,0.016310,0.017946,0.019042,0.021345,0.018798,0.018475,0.021172,0.018175,0.018239,0.014316,0.010939,0.012386,0.014104,0.013188,0.011023,0.006372,0.008388,0.006268,0.005387,0.002710,-0.000816,0.000459,-0.001164,-0.004359,-0.004341,-0.003468,-0.005502,-0.003564,-0.006480,-0.005882,-0.006064,-0.005874,-0.007835,-0.004659,-0.006017,-0.009025,-0.010941,-0.013587,-0.016779,-0.018303,-0.024579,-0.027674,-0.027032,-0.029918,-0.031634,-0.033800,-0.038170,-0.040938,-0.044782,-0.046204,-0.047095,-0.048126,-0.051501,-0.053385,-0.054986,-0.056070,-0.059395,-0.061019,-0.064176,-0.065530,-0.065549,-0.067727,-0.070368,-0.071151,-0.071950,-0.071405,-0.070679,-0.070679,-0.067425,-0.067156,-0.065083,-0.063445,-0.062699,-0.057338,-0.054678,-0.054009,-0.046243,-0.043997,-0.040690,-0.036839,-0.033836
0.037493,0.039695,0.039246,0.038492,0.037938,0.037229,0.036048,0.032019,0.030698,0.026017,0.026516,0.026937,0.024707,0.021543,0.018135,0.018410,0.020111,0.020035,0.020953,0.018569,0.018680,0.021599,0.019699,0.020184,0.017463,0.015529,0.015836,0.018500,0.017930,0.015665,0.011158,0.012324,0.009636,0.010355,0.008418,0.004658,0.004366,0.001651,-0.001800,-0.002471,-0.001167,-0.004218,-0.002497,-0.003074,-0.002726,-0.001826,-0.001900,-0.005935,-0.003514,-0.004986,-0.007952,-0.008305,-0.010864,-0.013638,-0.015117,-0.021696,-0.024119,-0.025537,-0.028006,-0.029140,-0.031707,-0.034198,-0.036274,-0.040769,-0.042248,-0.043903,-0.046555,-0.047998,-0.049519,-0.051843,-0.052467,-0.053900,-0.055051,-0.057897,-0.059719,-0.061284,-0.062467,-0.062384,-0.064369,-0.064600,-0.063967,-0.063354,-0.064343,-0.062173,-0.064436,-0.062581,-0.061218,-0.059532,-0.055824,-0.051023,-0.049399,-0.040649,-0.036926,-0.034555,-0.030312,-0.026808
0.035872,0.038574,0.038824,0.038294,0.038353,0.037212,0.036650,0.034422,0.032746,0.028038,0.028027,0.026910,0.025389,0.022430,0.019532,0.018568,0.020465,0.020864,0.022134,0.021321,0.021169,0.022107,0.022867,0.022751,0.020738,0.018699,0.017332,0.020876,0.019272,0.017526,0.013689,0.013883,0.012309,0.014933,0.013201,0.012018,0.009526,0.008452,0.004991,0.004599,0.003988,0.001282,0.002773,0.004000,0.002565,0.003690,0.002271,-0.001227,0.000593,-0.002045,-0.005688,-0.005457,-0.007210,-0.010039,-0.012026,-0.019025,-0.021566,-0.022783,-0.025498,-0.028083,-0.030465,-0.032637,-0.035343,-0.039427,-0.041837,-0.044851,-0.047279,-0.048103,-0.048507,-0.049270,-0.050223,-0.051020,-0.050535,-0.052115,-0.054080,-0.056236,-0.058949,-0.059249,-0.063039,-0.063063,-0.062004,-0.059616,-0.060595,-0.058236,-0.059069,-0.056128,-0.055245,-0.055474,-0.054096,-0.050148,-0.048411,-0.040575,-0.036461,-0.033842,-0.029235,-0.025359
0.037953,0.038375,0.037546,0.036152,0.036850,0.036109,0.033500,0.030917,0.030789,0.027162,0.029144,0.028466,0.027283,0.024532,0.023058,0.023274,0.024480,0.023975,0.025285,0.024253,0.025820,0.026876,0.027415,0.026954,0.024248,0.022348,0.021701,0.024372,0.022606,0.019324,0.016854,0.016376,0.014526,0.014963,0.014507,0.012754,0.012375,0.010643,0.009633,0.009270,0.009483,0.006448,0.008536,0.008447,0.007651,0.006680,0.005225,0.001097,0.002861,-0.000134,-0.004708,-0.005315,-0.005591,-0.009751,-0.010761,-0.017966,-0.020514,-0.020719,-0.024240,-0.027850,-0.029932,-0.031486,-0.033375,-0.037163,-0.038525,-0.040018,-0.041988,-0.043350,-0.044275,-0.045778,-0.046432,-0.048760,-0.048967,-0.051486,-0.051679,-0.052385,-0.054510,-0.054457,-0.058022,-0.056679,-0.054527,-0.053632,-0.055293,-0.053019,-0.053838,-0.051705,-0.052154,-0.052514,-0.049583,-0.046089,-0.044256,-0.036288,-0.030853,-0.028065,-0.023273,-0.019501
0.034014,0.035722,0.035213,0.032190,0.031980,0.032758,0.032180,0.030105,0.028844,0.025762,0.029381,0.030389,0.029525,0.027116,0.026653,0.026541,0.027069,0.026274,0.026913,0.025328,0.026651,0.028396,0.029584,0.029682,0.026766,0.025707,0.025227,0.027866,0.025351,0.022253,0.019625,0.019285,0.016609,0.018275,0.017302,0.015990,0.015298,0.014832,0.014143,0.014505,0.013032,0.011321,0.012943,0.013804,0.013503,0.012764,0.012007,0.009082,0.009166,0.005691,0.001340,-0.001358,-0.002650,-0.008013,-0.010015,-0.015633,-0.016719,-0.016551,-0.018482,-0.022148,-0.022981,-0.023850,-0.026047,-0.029267,-0.032236,-0.034725,-0.036185,-0.038404,-0.039743,-0.040487,-0.043169,-0.044021,-0.043775,-0.045325,-0.045694,-0.046657,-0.049088,-0.048011,-0.050483,-0.049131,-0.046911,-0.045408,-0.047788,-0.046110,-0.045557,-0.044024,-0.044222,-0.045129,-0.044188,-0.040099,-0.039132,-0.033692,-0.028574,-0.026218,-0.022793,-0.019460
0.030605,0.031606,0.030551,0.028965,0.029448,0.031065,0.032736,0.029663,0.029075,0.026809,0.030006,0.031991,0.032561,0.030608,0.030653,0.030532,0.031158,0.030045,0.029188,0.027780,0.029140,0.030346,0.031835,0.031983,0.028019,0.027560,0.025565,0.027014,0.025818,0.023322,0.021121,0.022752,0.021093,0.022903,0.020515,0.019901,0.018954,0.018771,0.017456,0.016027,0.014809,0.014793,0.014409,0.014634,0.014781,0.014475,0.014748,0.012540,0.011882,0.009529,0.005302,0.003108,0.000099,-0.003922,-0.006198,-0.011497,-0.011896,-0.010213,-0.014045,-0.016013,-0.016435,-0.018706,-0.019499,-0.021772,-0.026281,-0.028895,-0.030603,-0.033249,-0.032715,-0.035194,-0.040126,-0.040661,-0.038746,-0.040973,-0.042083,-0.043390,-0.045637,-0.045093,-0.047257,-0.045880,-0.043024,-0.043647,-0.046008,-0.043005,-0.041545,-0.038744,-0.039287,-0.039381,-0.037014,-0.033260,-0.032817,-0.027779,-0.024746,-0.023325,-0.021855,-0.020040
0.031781,0.031841,0.030521,0.029236,0.028396,0.029332,0.029589,0.027127,0.026724,0.024526,0.027890,0.030049,0.031504,0.031046,0.032327,0.032451,0.034560,0.034002,0.034466,0.033908,0.035763,0.035210,0.036769,0.035904,0.031635,0.028671,0.026791,0.025871,0.025344,0.022868,0.021048,0.022461,0.022099,0.022825,0.021042,0.020726,0.020369,0.019771,0.019772,0.019876,0.018487,0.018774,0.017767,0.019167,0.019107,0.017680,0.016115,0.014068,0.014246,0.012504,0.006763,0.005097,0.002934,-0.001037,-0.003863,-0.008942,-0.010609,-0.007755,-0.011466,-0.014360,-0.013010,-0.014398,-0.014779,-0.015527,-0.021602,-0.025138,-0.026293,-0.030142,-0.030676,-0.033733,-0.039164,-0.037636,-0.034755,-0.036895,-0.035888,-0.038187,-0.040397,-0.039137,-0.042705,-0.040962,-0.039555,-0.042166,-0.041202,-0.038957,-0.036929,-0.033938,-0.034697,-0.034998,-0.032157,-0.029521,-0.027694,-0.023627,-0.021507,-0.019925,-0.017001,-0.014789
0.033035,0.033452,0.032395,0.029462,0.029065,0.028861,0.029890,0.027446,0.028183,0.025561,0.029283,0.032211,0.033686,0.033056,0.035022,0.034016,0.036130,0.034627,0.034482,0.033805,0.036223,0.034927,0.038339,0.037049,0.035007,0.031896,0.030415,0.028652,0.029109,0.025720,0.025552,0.025281,0.025746,0.027207,0.024394,0.022932,0.022470,0.021726,0.021535,0.021255,0.020215,0.022387,0.021988,0.023455,0.022730,0.022751,0.022735,0.021247,0.020264,0.017539,0.012811,0.011309,0.008964,0.003927,0.000426,-0.003238,-0.004511,-0.003732,-0.007874,-0.011658,-0.011996,-0.014001,-0.014531,-0.015658,-0.021179,-0.024329,-0.024582,-0.027717,-0.028742,-0.031522,-0.036276,-0.034440,-0.031325,-0.033415,-0.032295,-0.032297,-0.035086,-0.031790,-0.035591,-0.034258,-0.033248,-0.033712,-0.035082,-0.033505,-0.033794,-0.031189,-0.031561,-0.030801,-0.030359,-0.027628,-0.025849,-0.021439,-0.017193,-0.016347,-0.013691,-0.010999
0.031506,0.031096,0.029711,0.028171,0.028344,0.029507,0.030853,0.029588,0.032079,0.030842,0.033554,0.035109,0.034681,0.034595,0.036094,0.034403,0.036780,0.035905,0.036859,0.036960,0.038911,0.037948,0.040574,0.037986,0.036274,0.033033,0.033137,0.030840,0.031579,0.029114,0.028657,0.027583,0.028014,0.028345,0.025264,0.023574,0.024447,0.025551,0.027036,0.026954,0.024106,0.027992,0.026978,0.027150,0.025675,0.024138,0.025642,0.027177,0.025959,0.023913,0.019702,0.017283,0.014948,0.008451,0.003384,0.000707,-0.001646,-0.001126,-0.005314,-0.008594,-0.007827,-0.009530,-0.009318,-0.008460,-0.013915,-0.014109,-0.014629,-0.019220,-0.020583,-0.025570,-0.030633,-0.029164,-0.028094,-0.029623,-0.027538,-0.027624,-0.031550,-0.029612,-0.033073,-0.031873,-0.029995,-0.030384,-0.030440,-0.026717,-0.027095,-0.023580,-0.023290,-0.023302,-0.023423,-0.024463,-0.023693,-0.019100,-0.016512,-0.016116,-0.013997,-0.011705
0.032505,0.029997,0.028736,0.027332,0.027488,0.029017,0.031374,0.030445,0.034149,0.032842,0.036269,0.037597,0.036690,0.036085,0.037555,0.036759,0.039322,0.037957,0.038657,0.038391,0.040409,0.039864,0.040464,0.037610,0.034911,0.031535,0.032331,0.029404,0.031499,0.030345,0.030898,0.030411,0.031473,0.030571,0.027924,0.025114,0.027621,0.028304,0.031284,0.031632,0.029735,0.033595,0.032857,0.031171,0.031130,0.029988,0.031595,0.033253,0.030727,0.028276,0.024788,0.020946,0.015870,0.009192,0.004734,0.003777,0.002053,0.001186,-0.003114,-0.003893,-0.003682,-0.004554,-0.003161,-0.001701,-0.006579,-0.005782,-0.008477,-0.012950,-0.016195,-0.022968,-0.028154,-0.027187,-0.027422,-0.028056,-0.025539,-0.024678,-0.026560,-0.024424,-0.025505,-0.024269,-0.022523,-0.023301,-0.023010,-0.021229,-0.021172,-0.018354,-0.017058,-0.016369,-0.016798,-0.017027,-0.014803,-0.011372,-0.009406,-0.009364,-0.007385,-0.004828
